"Code",1,2,3,4,5,6,7,8,9,10,11,12,13,14,15,16,17,18,19,20,21,22,23,24,25,26,27,28,29,30,31,32,33,34,35,36,37,38,39,40,41,42,43,44,45,46,47,48,49,50,51,52,53,54,55,56,57,58,59,60,61,62,63,64,65,66,67,68,69,70,71,72,73,74,75,76,77,78,79,80,81,82,83,84,85,86,87,88,89,90,91,92,93,94,95,96,97,98,99,100,101,102,103,104,105,106,107,108,109,110,111,112,113,114,115,116,117,118,119,120,121,122,123,124,125,126,127,128,129,130,131,132,133,134,135,136,137,138,139,140,141,142,143,144,145,146,147,148,149
"1",0,60,210,2240,540,360,80,1050,210,290,940,310,280,160,130,40,20,10,0,0,0,10,0,0,0,0,0,30,0,10,0,0,0,0,0,0,0,0,20,0,0,0,30,0,10,0,0,40,0,30,0,0,0,0,0,0,0,0,0,0,0,0,0,0,0,30,20,10,0,0,0,30,20,0,20,50,0,30,0,10,0,0,0,0,200,260,20,160,30,270,80,0,10,0,20,0,0,0,0,0,40,0,0,0,0,20,110,0,0,10,0,0,0,30,0,40,40,0,200,40,0,0,30,0,0,60,0,0,0,0,0,0,0,0,0,0,10,0,0,0,0,0,60,0,0,240,160,30,80
"2",20,0,100,250,100,190,30,60,0,0,40,40,0,20,0,10,0,10,0,0,0,0,0,0,0,0,0,0,20,0,0,0,0,0,0,10,0,0,0,0,10,0,0,0,0,0,0,0,0,0,0,0,0,0,0,0,0,0,0,0,0,0,0,0,0,0,0,0,0,0,0,30,10,0,70,10,0,10,0,0,0,0,0,0,0,50,10,20,60,20,110,0,0,30,0,0,0,0,0,0,0,0,0,0,0,0,10,0,0,0,0,0,0,0,0,60,10,0,60,0,20,0,0,0,0,0,0,0,0,0,0,0,0,0,0,0,0,0,0,0,0,0,0,0,0,20,110,0,110
"3",210,90,0,450,210,450,120,210,0,20,170,10,300,40,70,0,40,0,0,0,0,0,0,0,20,0,30,0,0,0,0,0,0,10,0,0,0,0,0,0,30,0,0,0,30,0,0,0,0,0,0,0,0,0,0,0,0,10,0,0,0,0,0,0,10,0,0,0,0,20,20,10,20,0,30,0,0,30,0,0,0,0,0,0,110,10,0,110,80,90,80,0,10,0,0,0,0,0,0,0,0,0,0,0,0,0,0,10,0,0,0,0,0,0,60,200,100,0,120,0,10,0,0,0,0,0,0,0,0,0,0,0,0,0,0,0,0,0,0,0,0,0,0,0,0,100,180,0,0
"4",30,10,0,0,910,50,30,800,10,60,90,30,30,50,0,50,0,0,30,0,0,20,0,0,0,0,0,10,0,0,10,0,0,0,0,0,10,0,0,0,0,0,0,0,10,20,0,0,0,0,0,0,0,0,0,0,0,0,0,0,0,0,0,0,20,20,0,0,30,0,0,0,0,20,0,0,10,0,0,0,0,0,0,0,0,50,0,20,10,110,0,0,0,0,60,10,10,0,0,0,0,0,0,0,0,0,0,0,20,0,0,0,0,60,20,10,0,10,20,100,0,0,0,0,10,10,0,0,0,0,0,20,0,0,0,0,0,0,0,0,0,0,0,20,0,80,0,0,50
"5",300,30,70,2560,0,660,510,1010,140,90,140,100,10,40,180,110,40,0,20,0,0,0,0,10,20,0,0,0,0,0,0,0,0,10,30,0,0,40,0,0,0,0,60,0,40,10,0,0,0,10,0,50,0,0,10,0,0,40,0,0,0,10,80,0,0,0,0,10,0,0,0,10,100,0,30,10,0,70,10,50,0,30,0,0,240,50,70,260,170,70,170,0,10,0,30,0,0,0,0,0,0,0,0,10,0,0,30,50,0,0,10,10,0,0,20,60,80,0,270,0,0,0,0,0,130,0,0,0,0,50,30,0,0,0,10,0,0,0,10,0,0,0,20,0,20,30,10,0,80
"6",100,60,190,230,150,0,380,350,0,60,140,80,10,0,0,40,0,0,0,0,0,0,0,0,0,0,0,0,0,0,0,10,0,0,0,0,0,0,0,0,0,0,0,0,0,0,0,0,0,0,0,0,0,0,0,20,0,0,0,0,0,0,0,0,40,0,0,0,0,0,0,0,10,0,40,0,0,0,0,0,0,0,0,0,20,40,0,0,10,20,130,0,0,0,10,0,0,0,0,0,0,0,0,0,0,0,10,0,0,40,0,0,0,0,0,70,0,0,30,0,0,0,0,0,0,0,0,0,0,0,0,0,0,0,0,0,0,0,0,0,0,30,0,20,0,260,140,0,0
"7",30,30,10,140,170,410,0,10,50,10,90,0,0,40,0,20,0,0,0,0,0,0,0,0,0,0,0,0,0,0,0,0,0,0,0,0,0,0,60,0,0,0,0,0,0,0,0,0,0,0,0,0,0,0,0,0,0,0,10,0,0,0,0,0,40,0,0,20,0,0,0,0,0,0,60,0,0,0,0,0,0,0,0,0,0,10,0,0,0,0,10,0,0,0,0,0,0,0,0,0,0,0,0,0,0,0,0,0,0,0,0,0,0,0,0,0,0,40,110,0,0,0,0,0,0,0,0,0,0,0,0,0,0,0,0,0,0,0,0,0,0,0,0,0,0,120,30,0,0
"8",0,0,0,110,60,20,10,0,0,0,0,0,10,0,0,0,0,10,0,0,0,0,0,0,0,0,0,0,0,0,0,0,0,0,0,0,0,0,20,0,0,0,0,90,10,0,0,0,0,0,0,0,0,0,0,0,0,0,0,0,0,0,0,0,0,0,0,0,0,0,0,0,0,0,0,0,0,0,0,0,20,0,0,0,0,10,10,0,0,0,10,0,0,0,0,0,0,0,0,0,0,10,0,0,0,0,0,0,10,0,0,0,0,0,0,0,0,0,30,0,0,0,0,0,0,0,0,0,0,0,0,0,0,0,0,0,0,0,0,0,0,0,0,0,0,0,60,0,0
"9",20,0,30,280,100,100,70,100,0,110,960,1420,190,330,770,160,140,0,30,0,0,0,0,0,10,0,10,0,0,10,10,0,150,0,0,10,0,0,10,70,0,0,0,0,0,0,0,0,0,0,30,0,0,0,0,0,0,0,40,0,0,0,0,0,0,0,0,20,0,0,0,30,20,0,0,90,10,0,0,0,0,0,0,0,120,90,0,50,60,90,30,0,0,0,0,0,0,0,0,0,0,0,0,0,0,0,10,0,50,0,0,0,0,0,60,0,10,10,10,0,0,0,0,0,0,0,0,0,0,0,0,0,0,20,0,0,10,10,0,0,0,0,0,30,0,10,40,0,300
"10",320,10,10,4290,360,110,0,580,1170,0,1290,660,280,320,220,260,540,0,0,0,0,10,10,30,0,0,90,0,10,0,20,80,20,10,0,30,0,30,70,60,60,0,0,40,70,20,0,10,10,10,30,0,0,20,10,0,50,10,0,0,0,0,90,10,20,100,10,80,10,10,30,10,70,110,110,40,0,90,0,0,0,20,0,90,340,140,300,570,110,90,530,0,0,10,0,10,10,0,0,0,10,10,30,0,0,0,60,10,50,30,80,20,40,20,0,100,60,110,450,0,20,0,20,30,160,10,0,0,10,10,0,0,30,0,0,0,10,0,10,0,30,0,60,40,30,0,40,10,410
"11",220,30,20,480,180,90,0,10,660,210,0,90,370,330,450,290,20,50,0,0,0,40,0,0,0,0,0,0,10,0,20,0,10,20,0,0,0,10,0,0,70,0,10,0,10,20,0,40,0,0,70,0,0,0,0,0,0,0,0,0,10,0,0,0,30,10,10,50,0,0,20,20,0,60,30,60,0,0,10,20,0,0,0,0,420,400,110,350,80,190,270,0,20,0,10,20,0,0,0,0,0,0,0,0,0,0,20,0,10,0,40,40,0,10,0,0,50,0,170,20,0,0,70,0,50,0,0,0,0,0,40,0,0,0,20,0,0,0,0,0,0,10,20,0,40,10,0,0,550
"12",260,0,10,940,150,140,0,330,850,420,410,0,40,110,150,10,320,0,0,0,0,0,0,0,0,0,0,0,0,10,0,0,0,0,0,0,0,0,20,0,0,0,10,0,0,0,0,0,0,0,0,0,0,0,0,0,0,0,0,10,0,30,0,0,0,0,0,10,0,40,10,0,0,0,10,10,0,110,0,0,0,0,0,10,40,70,30,40,30,30,90,0,0,10,0,0,0,0,0,0,0,10,0,0,0,0,0,0,0,0,50,60,0,330,0,10,20,0,60,0,0,0,0,10,40,10,0,0,10,0,10,0,0,0,0,0,20,0,0,0,10,0,0,0,20,0,40,10,140
"13",30,0,10,590,70,10,0,80,80,200,800,50,0,120,100,60,20,10,10,0,0,0,0,0,0,0,10,0,0,10,0,0,10,0,0,0,0,50,10,0,0,0,0,0,0,0,0,0,10,0,0,0,0,0,0,10,0,0,10,0,0,0,30,0,0,40,60,10,0,0,0,20,10,20,50,0,0,0,0,10,0,0,0,0,0,90,60,30,50,20,0,0,0,10,10,0,10,0,0,10,0,0,0,0,0,0,50,0,70,60,50,90,0,0,0,0,30,0,190,0,0,0,10,0,10,0,0,0,0,0,0,0,0,0,0,0,0,0,0,0,10,0,50,0,0,0,10,0,140
"14",120,0,10,1930,240,160,10,670,260,30,690,30,130,0,80,340,150,20,0,20,0,0,0,0,0,0,0,0,0,0,0,0,10,100,0,20,0,30,70,50,120,60,10,0,50,10,0,10,0,0,0,0,0,0,0,10,10,0,0,0,0,30,0,0,30,120,70,0,10,10,70,40,80,40,10,60,20,250,0,30,0,10,0,0,240,160,90,130,160,220,130,0,0,40,10,0,0,0,0,0,0,0,0,70,10,0,140,0,160,20,80,0,0,0,10,0,10,10,170,0,10,0,40,30,60,0,0,0,30,10,100,50,0,10,40,0,60,40,40,0,20,40,0,70,0,0,50,0,320
"15",0,0,0,100,40,30,0,0,100,0,1050,40,0,0,0,30,10,0,0,0,0,30,0,0,0,0,40,0,0,0,0,0,240,0,0,40,0,0,0,0,0,0,0,0,0,10,0,0,0,0,0,0,0,0,0,0,0,0,0,0,0,0,0,0,0,0,0,10,0,0,0,0,0,0,0,0,0,10,0,0,0,0,0,0,40,10,0,0,0,0,50,0,0,0,10,0,0,0,0,0,0,0,0,0,0,0,30,0,0,0,0,0,0,0,0,0,0,0,10,0,0,0,0,0,0,0,0,0,0,0,0,0,0,0,0,0,0,0,0,0,0,0,0,0,0,0,0,0,520
"16",170,0,50,1230,370,400,40,440,790,170,2280,140,360,1800,230,0,70,10,10,0,0,60,0,10,0,0,0,60,0,10,10,0,30,10,0,30,60,20,0,10,0,0,0,40,0,10,0,60,0,0,10,0,0,20,0,0,70,0,0,20,0,0,0,20,130,40,10,0,0,20,0,130,80,100,20,40,80,100,0,10,0,0,0,0,160,190,100,280,90,70,300,0,0,0,0,0,0,0,0,0,0,0,0,0,40,0,240,0,110,0,50,10,0,0,0,10,30,0,60,0,0,0,20,0,30,0,0,0,10,20,0,0,0,0,0,0,0,0,0,10,80,0,20,0,0,10,0,0,120
"17",20,0,0,20,0,0,10,10,10,10,50,40,0,190,650,40,0,0,0,0,0,0,0,0,0,10,10,0,0,0,0,0,10,0,0,0,0,0,0,0,50,0,0,0,60,0,0,10,0,0,0,0,0,0,0,0,0,0,0,0,0,0,0,0,0,0,0,0,0,0,0,10,20,0,0,0,0,10,0,10,0,0,0,0,40,90,0,120,0,0,30,0,0,0,0,0,0,0,0,0,0,0,0,0,0,0,50,0,0,30,0,0,0,0,0,0,30,0,0,0,0,0,0,0,0,0,0,0,0,0,0,0,0,0,0,0,0,0,0,0,0,50,0,0,0,0,0,0,550
"18",40,0,0,10,0,30,0,40,0,10,40,0,0,0,70,20,20,0,110,80,0,40,10,50,0,0,60,0,20,50,10,10,10,90,440,20,70,80,20,0,0,0,0,20,50,20,10,50,80,0,0,0,0,0,0,0,0,0,0,0,0,0,0,0,10,0,10,30,0,0,100,30,170,10,20,0,10,60,0,10,30,30,0,0,200,140,10,170,160,40,200,160,0,10,40,0,0,0,0,0,0,0,0,0,0,0,0,20,0,30,0,0,10,140,0,0,10,0,0,0,0,20,0,30,10,10,0,0,0,0,0,0,20,0,0,0,10,0,10,0,10,0,0,0,0,0,0,0,40
"19",0,0,0,160,0,10,0,30,50,10,50,20,0,0,100,10,90,50,0,50,20,310,300,130,40,40,190,0,40,270,20,2040,190,0,10,0,30,20,0,30,60,0,0,0,40,0,0,30,530,20,150,0,0,0,80,10,90,30,20,0,40,10,0,0,40,0,0,10,0,0,0,10,80,110,50,0,10,230,60,90,60,0,90,10,160,220,110,160,80,100,230,0,80,0,20,0,0,0,10,20,20,0,0,10,10,10,0,0,0,10,0,120,0,40,0,0,0,30,0,0,0,0,0,0,50,50,0,0,0,0,0,10,10,0,0,0,0,0,0,0,0,0,0,0,0,0,0,10,30
"20",0,0,0,10,40,0,0,0,0,0,0,10,10,40,0,0,0,170,320,0,20,90,90,180,10,20,110,10,10,220,0,110,60,140,480,0,0,10,80,0,0,0,0,0,10,10,0,0,140,10,20,0,0,0,10,0,0,0,0,0,10,0,0,0,0,30,20,40,10,20,50,40,90,80,0,40,0,150,60,20,0,20,0,0,70,40,80,180,290,300,300,0,0,10,0,0,10,0,0,0,0,30,0,0,0,0,70,60,20,40,0,0,0,0,0,0,10,0,20,0,0,0,0,20,70,30,40,0,0,0,10,0,0,0,0,0,0,0,0,0,0,0,0,0,0,0,10,0,0
"21",0,0,0,10,0,0,0,10,0,10,0,0,0,0,0,0,0,0,10,0,0,50,50,0,0,150,120,0,110,0,0,0,120,0,0,0,0,0,0,0,10,0,0,0,0,0,0,0,0,0,0,0,0,0,0,0,0,0,0,0,0,0,0,0,0,0,0,0,0,0,0,0,40,0,0,0,0,0,10,20,0,10,0,0,30,40,0,50,0,0,20,0,0,10,0,0,0,30,10,0,0,20,0,0,0,0,0,0,0,0,0,10,0,10,0,0,0,0,0,0,0,0,0,0,10,0,0,0,0,0,0,0,0,0,0,0,0,0,0,0,0,0,0,0,0,0,0,0,0
"22",50,20,0,180,40,0,0,10,10,0,70,20,10,10,0,0,20,40,160,0,10,0,220,0,30,90,30,40,90,20,10,80,130,10,0,70,30,0,60,0,0,10,10,10,10,30,0,60,10,20,30,0,0,10,10,0,0,10,0,0,0,10,10,20,50,40,10,0,10,20,100,70,170,20,120,120,20,80,10,80,50,70,20,0,270,350,200,710,70,180,940,10,0,0,0,0,0,10,0,20,20,30,0,0,0,10,0,0,40,0,0,110,10,10,0,0,0,0,20,0,0,0,0,20,80,40,0,0,30,0,10,0,10,10,10,0,20,0,40,0,0,0,20,10,0,0,0,0,60
"23",0,0,0,130,20,0,0,0,0,0,100,0,40,0,0,0,30,10,690,20,10,1420,0,70,80,60,290,50,70,90,0,320,560,60,0,0,0,20,0,0,40,40,0,0,0,0,0,40,50,0,60,0,0,0,0,0,0,30,10,0,0,30,0,0,10,70,10,0,0,10,10,10,30,0,20,60,30,60,40,50,60,20,120,100,500,540,280,260,80,160,790,0,0,10,0,0,0,10,40,0,0,0,0,20,10,10,40,0,0,0,20,90,0,10,0,10,10,0,30,0,0,0,0,0,110,40,0,10,0,0,0,10,0,0,10,0,0,10,0,0,0,0,0,20,0,0,40,0,0
"24",10,0,10,70,10,10,0,0,0,10,0,0,0,0,0,0,0,20,400,50,10,160,60,0,20,30,30,10,20,340,210,210,40,60,0,0,0,0,0,0,40,0,0,40,100,20,10,10,70,0,50,0,0,10,0,20,20,0,0,0,10,0,0,0,0,120,50,0,0,40,170,20,30,0,30,80,100,80,0,20,10,60,10,60,490,430,90,510,150,400,750,0,90,0,0,0,0,10,0,0,20,0,0,0,0,0,0,0,0,10,10,20,0,0,0,0,10,0,110,0,0,0,0,20,50,10,0,0,0,0,0,0,0,0,0,0,0,0,10,10,0,0,10,0,10,0,0,0,20
"25",50,0,0,0,70,0,0,0,10,0,80,0,0,10,0,0,0,0,70,10,0,440,380,140,0,160,570,370,80,0,50,130,440,0,10,30,0,0,10,0,0,0,0,0,40,70,0,10,90,90,70,0,0,0,0,0,0,10,0,0,0,0,0,0,20,20,0,0,0,0,80,0,30,20,50,100,100,60,10,310,40,10,150,70,920,610,210,490,80,600,650,0,0,0,0,30,0,50,0,50,0,0,0,60,10,100,0,10,10,30,0,190,0,40,10,0,10,0,70,0,0,0,0,20,220,120,0,20,0,10,0,0,0,0,0,0,0,0,20,0,10,20,0,0,0,0,0,0,20
"26",60,0,0,80,0,0,0,0,0,0,60,0,10,0,0,0,0,0,50,0,120,180,80,0,0,0,150,10,40,0,0,1030,520,0,0,0,40,50,0,0,0,0,0,0,20,0,0,0,10,0,0,0,0,0,40,0,0,0,0,0,0,0,0,0,10,30,90,0,0,0,20,10,0,0,20,230,10,50,110,320,120,80,220,0,250,360,90,430,20,280,310,0,0,70,0,10,0,10,0,0,10,20,20,0,0,50,0,0,0,0,0,150,0,0,10,10,0,0,0,0,0,0,0,0,70,100,0,20,0,0,0,0,0,0,0,0,0,0,0,0,0,10,0,0,0,0,0,0,40
"27",0,0,0,0,0,0,0,0,0,0,30,10,0,40,50,0,10,10,30,0,20,40,80,20,50,30,0,80,90,0,0,120,170,0,0,0,0,10,0,0,0,0,0,0,0,0,0,0,0,0,0,0,0,0,0,0,0,0,0,0,0,0,0,0,0,20,0,0,0,10,0,0,0,0,0,20,0,20,70,100,60,10,850,50,170,80,80,30,40,140,90,0,0,20,0,0,0,30,10,0,0,30,0,20,10,30,0,0,0,10,30,190,0,0,10,0,0,0,30,0,0,0,0,0,0,60,10,0,0,10,0,0,0,0,0,0,0,0,0,0,0,0,0,0,0,10,0,0,70
"28",30,0,30,400,30,0,0,0,10,10,50,30,0,0,0,0,10,0,180,0,30,190,70,0,310,250,650,0,130,0,0,630,1070,0,0,0,0,0,0,0,50,0,0,0,170,0,0,0,30,0,0,0,0,10,0,0,0,0,0,0,0,0,0,0,10,10,10,0,0,0,40,20,50,0,50,70,150,130,110,220,50,0,110,180,330,210,110,190,30,220,370,0,0,0,0,20,0,200,30,10,30,40,0,50,40,260,80,0,0,0,10,40,0,10,0,0,0,0,0,0,0,0,0,40,70,10,10,0,10,0,10,0,0,0,0,0,10,0,0,0,0,0,0,0,0,0,0,10,0
"29",0,0,10,130,0,0,0,0,0,0,10,10,0,0,0,0,0,20,30,30,140,190,50,20,20,50,870,20,0,0,0,380,370,50,0,0,0,0,10,0,0,0,0,0,60,0,20,0,0,0,0,20,40,0,10,10,0,0,0,0,0,0,0,0,0,40,50,0,20,0,0,60,30,0,0,20,50,10,50,10,10,0,500,130,100,200,50,170,50,50,50,0,0,20,0,10,0,50,0,0,10,0,10,0,0,90,10,0,0,0,60,110,0,70,0,0,0,0,0,0,0,0,0,0,90,0,0,0,10,0,0,0,0,0,0,0,0,0,0,0,0,0,0,0,0,0,0,0,0
"30",30,0,20,310,50,140,0,20,0,0,40,20,0,50,0,0,80,80,900,120,20,320,320,310,30,0,20,10,60,0,30,710,50,90,130,20,60,10,40,0,0,0,10,10,0,0,0,0,150,20,0,10,0,0,10,0,10,10,40,10,0,10,0,0,0,130,0,0,0,0,30,10,50,0,80,50,20,50,0,160,0,20,40,30,260,250,300,200,30,230,530,0,50,0,0,0,0,0,0,0,20,10,0,40,30,20,10,0,60,10,0,110,0,0,0,0,0,20,70,0,0,0,0,10,150,20,0,0,0,0,0,0,40,0,0,0,10,0,0,0,0,10,20,0,0,0,0,10,40
"31",0,40,0,50,0,0,0,0,0,0,10,10,0,10,0,0,0,0,60,60,0,90,20,190,110,0,30,10,30,120,0,90,150,0,0,60,0,10,30,10,0,0,10,0,80,10,0,60,60,0,90,0,0,0,0,0,0,20,0,0,0,10,0,10,0,120,340,0,0,80,370,60,90,70,0,90,70,90,80,140,20,10,10,30,1080,480,350,700,130,390,1000,0,0,10,0,0,0,0,0,0,70,100,10,0,0,30,20,0,0,0,0,190,0,0,10,0,0,0,20,0,0,0,0,20,410,10,0,10,0,0,0,0,10,10,0,0,10,0,10,0,10,10,30,0,10,0,10,0,0
"32",0,0,0,60,0,0,0,80,10,30,50,0,0,70,10,0,30,30,270,20,10,420,110,50,30,280,40,70,10,30,0,0,40,0,10,0,0,10,40,0,80,0,0,0,90,10,0,0,30,0,0,40,10,10,0,10,0,0,0,0,0,0,10,0,30,60,10,0,0,0,0,20,10,0,10,80,60,60,10,90,50,50,10,50,200,170,20,140,20,80,120,0,0,30,0,0,0,10,10,0,0,0,0,0,0,0,0,0,110,0,0,220,0,0,0,0,0,0,40,0,0,0,0,30,30,10,20,10,0,10,0,0,0,0,0,10,0,0,0,0,0,0,0,0,0,0,0,0,0
"33",10,0,0,120,70,0,0,100,0,40,70,0,0,40,60,10,40,30,540,0,190,1080,360,110,80,480,1090,370,510,10,30,1890,0,40,20,10,0,0,0,0,10,0,0,0,420,0,10,0,80,0,70,20,0,0,30,50,0,0,10,0,0,0,0,50,20,140,30,0,30,10,10,30,80,10,100,130,140,90,170,160,30,30,810,0,690,340,280,500,80,200,460,0,0,50,40,50,0,120,10,0,40,10,0,0,30,40,0,0,0,70,10,240,0,0,0,0,0,0,80,0,0,0,0,10,140,140,0,0,0,0,0,50,20,10,40,0,40,0,0,100,20,10,0,0,0,0,0,0,30
"34",10,0,0,10,10,0,0,0,20,20,10,0,50,10,0,0,10,30,0,0,0,0,0,0,10,0,0,0,0,0,0,0,0,0,0,340,10,0,10,0,90,0,0,0,10,30,0,0,0,260,0,0,0,10,0,10,0,0,0,0,0,0,0,0,0,0,10,10,0,0,0,0,40,0,30,0,40,10,0,0,0,0,0,0,0,20,20,10,0,40,30,0,0,0,10,0,0,0,0,0,0,0,0,10,0,0,30,0,60,0,10,0,0,0,0,0,0,0,0,0,0,0,0,0,20,0,0,0,0,0,0,0,0,0,0,0,0,10,10,0,0,0,0,0,0,0,0,0,0
"35",0,0,0,0,0,0,0,0,0,0,0,0,0,0,0,0,0,80,0,0,0,10,0,0,0,0,0,0,0,0,0,0,0,30,0,50,40,120,120,10,0,0,0,0,50,0,0,0,10,0,0,0,0,0,0,0,0,0,0,0,0,0,0,0,0,0,0,0,0,0,0,0,10,0,0,0,0,0,0,0,20,0,0,0,0,0,0,0,0,0,20,0,0,0,0,0,0,0,0,0,0,10,0,0,0,0,0,0,0,0,0,0,0,0,0,0,0,0,0,0,0,0,0,0,0,0,0,0,0,0,0,0,0,0,0,0,0,0,0,0,0,0,0,0,0,0,0,0,0
"36",10,0,0,30,0,0,10,0,0,0,80,20,0,0,0,0,0,0,0,0,0,10,0,0,0,0,0,0,0,0,10,10,20,270,110,0,180,60,280,0,80,0,50,0,0,10,0,20,20,0,10,0,0,0,0,0,0,0,0,0,0,0,0,0,10,30,70,0,0,0,30,30,120,0,40,0,0,20,0,0,0,0,0,0,120,160,30,100,0,150,100,0,0,0,0,0,0,0,0,0,0,0,0,0,0,0,10,0,30,40,0,0,0,0,10,0,0,0,20,0,0,0,40,0,10,30,0,0,10,0,0,0,0,0,0,0,10,0,0,0,0,0,0,0,0,0,0,10,10
"37",0,0,0,10,0,0,0,0,0,0,10,0,0,0,0,0,0,10,70,0,0,0,0,0,0,0,10,0,0,0,0,0,0,170,210,540,0,100,120,10,50,0,0,0,10,0,0,10,10,40,30,0,0,0,50,0,0,0,0,0,0,0,0,0,0,10,0,20,0,0,0,20,20,60,0,10,10,0,0,0,0,0,0,0,0,0,0,20,20,10,10,0,0,0,0,0,0,0,0,0,0,0,0,0,0,0,0,0,0,10,0,0,0,0,0,0,10,0,10,0,0,0,0,10,50,0,0,0,0,0,0,0,0,0,0,0,0,0,0,0,0,0,0,0,0,0,10,0,60
"38",0,0,0,60,30,10,0,50,10,10,30,10,0,120,0,0,160,70,0,0,0,0,0,0,20,0,50,10,0,0,10,0,0,400,350,320,190,0,240,120,280,0,10,30,110,0,0,60,0,10,0,0,0,0,10,10,0,0,0,0,0,0,0,10,0,10,0,0,0,30,0,40,210,20,0,80,0,110,0,10,0,0,0,0,120,30,30,40,100,50,280,0,50,200,0,0,0,0,0,10,0,0,0,0,0,0,20,0,70,0,20,0,0,0,0,0,0,0,0,0,0,0,0,0,10,0,0,0,0,0,0,0,0,0,0,20,0,0,0,0,0,0,0,0,0,0,0,0,40
"39",10,0,30,100,10,0,10,0,0,0,90,0,0,30,30,10,10,40,0,10,0,0,0,0,0,0,0,0,0,0,0,0,10,400,20,1060,230,110,0,10,500,0,0,0,0,0,0,0,0,20,10,0,0,0,0,0,0,0,0,0,20,0,0,0,0,10,10,0,10,10,20,40,0,0,10,30,10,0,0,0,0,0,0,0,100,10,160,50,120,40,150,0,0,0,0,0,0,0,0,0,0,0,0,0,0,0,10,0,110,70,20,10,0,0,0,0,0,0,0,0,0,0,0,20,30,0,0,0,0,0,0,10,0,0,0,0,0,0,0,0,0,0,0,50,0,0,0,0,50
"40",0,0,0,0,0,0,0,0,0,0,0,0,0,0,0,0,70,0,0,0,0,0,0,0,0,0,0,0,0,0,0,0,0,10,30,200,10,170,20,0,440,0,10,50,0,0,150,120,0,0,0,0,0,0,0,0,0,0,10,0,0,0,0,0,0,0,0,0,0,0,0,60,200,0,0,0,0,0,0,0,0,0,0,0,0,40,0,20,20,0,0,0,0,0,0,0,0,0,0,0,0,0,0,0,0,0,0,0,0,0,10,0,0,0,0,0,0,0,0,0,0,0,0,0,10,0,0,0,0,0,0,0,0,0,0,0,0,0,0,0,0,0,0,0,0,0,0,0,30
"41",0,0,0,20,10,0,0,0,0,0,20,0,0,10,10,0,0,0,0,0,0,0,0,0,0,0,0,0,0,0,0,0,0,100,0,310,160,20,260,130,0,0,0,20,30,10,0,20,0,0,0,0,0,0,0,0,0,0,0,0,0,0,0,0,0,0,0,0,0,0,20,0,10,0,0,0,0,0,0,0,0,0,0,10,30,0,10,40,40,10,0,0,0,0,0,0,0,0,0,0,0,0,0,0,0,0,0,0,0,0,0,0,0,0,0,0,10,0,0,10,0,0,0,0,0,0,0,0,0,0,0,0,0,0,0,0,0,0,0,0,0,0,0,0,0,0,40,0,10
"42",0,0,0,0,20,0,0,110,0,10,30,0,0,0,0,20,50,10,40,0,0,0,0,0,0,0,0,0,0,0,0,0,0,0,0,0,0,0,0,20,0,0,580,10,980,90,0,320,10,20,10,0,0,0,0,0,0,40,50,50,10,0,10,60,10,30,0,10,0,0,100,60,30,10,60,130,320,460,0,10,0,0,0,0,100,50,30,120,50,160,330,0,0,0,0,0,0,0,0,10,0,0,0,0,0,0,10,0,0,10,20,0,0,0,0,0,0,0,20,0,0,0,0,0,120,10,0,0,20,0,0,0,0,0,0,90,30,50,0,0,20,130,60,120,10,0,0,0,40
"43",0,0,0,120,0,0,0,0,0,0,50,0,10,0,0,10,70,10,40,10,0,0,0,0,0,0,0,0,0,0,0,0,0,0,0,0,10,0,20,0,20,70,0,20,290,260,0,300,0,0,10,0,0,0,0,0,10,0,20,0,0,0,0,10,170,50,0,0,0,0,0,140,80,120,190,110,90,130,0,0,10,0,0,0,150,150,30,340,380,440,380,0,70,0,0,0,0,0,0,0,0,0,0,0,0,0,0,0,10,0,0,20,0,0,0,0,0,10,10,0,0,0,10,10,30,0,0,10,0,10,0,40,10,0,0,0,180,0,0,0,30,20,110,40,0,0,0,0,50
"44",0,0,0,210,30,20,0,0,10,0,70,50,0,70,0,30,90,0,0,0,0,10,0,0,0,10,0,0,0,0,0,0,0,10,20,0,0,10,0,30,130,0,20,0,450,240,180,440,0,0,10,0,0,0,10,10,0,0,30,0,0,0,10,0,20,290,10,0,0,20,260,350,590,0,10,0,70,150,0,0,0,0,0,0,40,160,100,230,180,100,430,0,0,0,0,0,0,0,0,0,0,0,0,0,0,20,0,10,120,50,0,0,0,0,0,0,0,0,0,0,0,0,0,0,10,0,0,0,10,0,0,0,0,0,0,0,0,0,0,0,0,0,20,0,0,0,0,0,20
"45",0,0,0,0,40,0,0,0,0,0,0,10,0,0,0,0,10,0,0,0,0,10,0,0,0,0,0,0,0,0,0,0,10,0,0,10,0,0,20,10,0,20,20,0,0,120,0,2590,0,0,0,0,0,0,10,10,0,0,10,0,0,0,0,0,30,0,10,0,10,0,0,40,40,10,20,20,330,630,0,0,0,0,20,0,80,80,20,30,240,20,40,0,0,0,0,0,0,0,0,0,10,0,10,0,0,0,0,0,0,10,0,0,0,0,0,0,0,0,0,0,0,0,0,0,0,10,0,0,0,0,0,0,0,0,0,0,40,0,0,10,10,0,0,0,20,0,0,0,0
"46",10,0,0,40,40,0,0,0,0,0,30,20,0,10,30,10,20,40,0,0,0,0,0,0,0,0,10,20,0,50,0,20,10,60,0,20,20,0,0,0,0,10,150,210,1310,0,90,6860,10,10,0,0,0,0,0,0,10,0,30,0,30,0,0,10,40,50,30,10,0,20,70,400,100,20,40,110,90,290,0,0,0,0,0,50,160,40,50,110,230,210,650,0,0,10,10,0,0,0,0,0,0,0,0,0,0,10,0,10,20,10,10,0,0,0,0,0,0,0,0,0,0,0,0,30,210,0,0,0,0,0,0,0,0,0,0,0,0,0,10,0,0,10,100,0,0,0,0,0,10
"47",0,0,0,0,0,0,0,40,0,0,0,0,0,70,10,0,0,0,0,0,0,0,0,0,0,0,0,0,0,0,0,0,0,0,0,20,0,10,0,70,100,10,0,170,40,90,0,660,0,0,0,0,0,0,0,0,0,0,0,0,0,0,0,0,0,20,0,0,0,0,10,30,130,0,0,0,10,50,0,0,0,0,0,0,10,0,10,0,50,20,10,0,0,190,0,30,0,0,0,0,0,0,0,0,0,0,0,0,0,0,0,0,0,0,0,0,0,0,0,10,0,0,0,0,10,0,0,0,0,0,0,0,0,0,0,0,0,0,0,0,0,0,0,0,0,0,0,0,0
"48",20,0,0,150,0,20,0,0,10,0,0,0,0,0,0,0,20,0,0,0,0,0,0,0,10,0,0,0,10,0,0,40,0,0,0,0,0,530,0,40,30,20,10,60,100,500,360,0,0,0,0,10,0,0,10,0,0,0,10,0,20,0,0,0,0,10,0,0,20,100,20,30,50,20,0,0,20,360,0,0,0,0,0,10,30,40,60,50,70,20,200,0,0,0,0,0,0,0,0,0,0,0,0,0,10,0,0,10,30,40,0,0,0,0,0,0,20,0,10,0,0,0,0,70,40,0,0,0,0,0,10,0,0,0,0,0,10,10,0,50,0,0,0,0,0,0,0,40,90
"49",0,0,40,160,40,10,0,100,0,0,30,20,0,10,10,0,20,140,1430,160,10,110,70,30,30,180,40,80,10,40,30,180,30,190,380,140,130,0,30,0,80,10,0,0,140,10,30,60,0,290,350,80,0,70,380,30,0,0,10,0,0,0,0,0,20,60,40,30,0,0,30,80,100,0,60,160,80,170,20,20,20,20,0,50,260,310,100,270,190,100,480,10,60,50,0,10,0,0,10,0,0,0,0,10,0,0,0,0,0,0,70,0,0,0,0,0,0,0,90,0,0,0,0,30,90,0,0,0,0,0,0,0,0,0,0,0,0,0,10,0,0,0,0,40,10,20,0,0,0
"50",10,0,0,0,10,70,0,80,0,0,0,0,0,0,0,10,70,40,80,0,0,0,10,0,0,30,30,0,0,20,0,120,0,290,0,30,40,0,10,50,0,0,0,0,10,0,0,0,120,0,1680,140,90,50,100,150,0,10,0,0,0,0,0,0,0,20,0,10,0,0,0,0,50,0,20,10,0,20,0,0,0,40,10,20,200,130,40,120,40,110,180,100,30,20,0,10,0,0,0,0,0,10,0,0,0,0,0,0,30,0,10,10,0,30,20,0,10,10,60,0,0,0,10,70,120,10,0,0,30,0,0,0,0,0,0,0,90,0,0,0,0,0,0,0,10,0,20,20,30
"51",0,0,0,50,10,0,0,0,0,0,40,0,0,0,10,0,90,0,150,0,20,10,0,0,0,0,0,10,20,0,0,110,30,40,0,20,70,0,0,0,0,0,0,0,10,0,0,0,30,630,0,90,80,210,260,50,0,0,0,0,0,0,0,0,0,20,0,10,0,0,0,0,70,20,60,20,10,40,10,0,40,50,0,0,80,130,100,70,50,150,80,70,130,20,0,0,0,0,20,10,0,0,0,0,0,0,10,0,0,0,0,0,0,0,0,0,0,10,80,0,0,0,0,40,20,20,0,0,0,0,0,0,0,30,20,0,10,0,0,10,0,10,0,0,0,0,0,0,20
"52",0,0,0,0,0,0,0,0,0,0,0,0,0,0,0,0,0,0,0,0,0,0,0,0,0,0,0,0,0,0,0,0,0,0,0,0,0,0,0,0,0,0,0,10,0,0,0,0,0,120,50,0,60,0,10,10,0,0,0,0,0,0,0,0,0,20,0,0,0,0,0,0,0,50,0,10,0,10,0,0,0,0,0,0,0,0,0,0,10,50,10,200,0,110,0,0,0,0,0,0,0,0,0,0,0,0,0,0,0,0,0,0,0,0,0,0,0,0,0,10,0,0,0,0,10,10,0,0,0,0,0,0,0,0,0,0,0,0,0,0,0,0,0,0,0,0,0,0,0
"53",0,0,0,10,0,30,0,30,0,0,0,0,0,0,0,0,0,0,10,0,0,0,0,10,0,0,0,20,0,0,0,0,10,0,0,0,0,0,0,0,0,0,0,0,30,30,0,0,20,160,340,30,0,160,170,0,0,0,0,0,0,0,0,0,0,0,0,0,0,0,0,0,0,40,0,0,0,0,0,0,0,0,30,0,0,0,0,20,30,20,0,0,0,10,0,0,0,0,0,0,0,0,0,0,0,0,0,0,0,0,0,0,0,0,0,0,0,0,0,0,0,0,0,0,0,0,0,0,0,0,0,0,0,0,0,0,0,0,0,0,0,0,0,0,0,0,0,0,0
"54",0,0,0,0,0,0,0,0,0,0,20,0,0,0,0,0,20,0,10,0,0,0,0,50,0,0,10,0,0,0,0,0,10,0,0,0,0,0,0,0,0,0,0,0,0,10,10,0,10,60,470,10,90,0,10,20,0,0,0,0,0,0,0,0,0,0,0,0,0,0,0,20,0,0,0,0,0,0,0,10,0,250,0,0,0,0,60,20,0,40,10,10,20,20,0,0,0,0,0,0,0,0,0,0,0,0,0,0,0,0,0,0,0,0,0,0,0,0,10,0,0,0,0,0,10,0,0,10,0,0,0,0,0,0,20,0,0,0,0,0,0,0,0,0,0,0,0,0,0
"55",0,0,0,20,0,10,0,30,0,0,20,0,20,0,0,0,30,0,130,0,0,10,0,0,0,50,10,20,30,10,0,150,10,70,0,70,20,0,0,0,0,0,20,0,0,0,0,20,220,150,300,0,70,140,0,10,0,0,0,0,0,0,0,0,30,90,0,0,0,0,10,0,0,0,0,70,0,0,0,0,10,110,0,0,110,70,70,70,0,20,110,10,10,10,0,0,0,0,0,0,0,0,0,0,0,0,0,0,0,0,0,30,0,0,10,0,10,0,20,0,0,0,0,0,70,0,0,0,0,0,0,50,0,0,0,0,0,0,0,0,0,0,0,0,0,0,0,0,0
"56",0,0,0,290,80,0,0,100,0,0,60,0,10,0,0,70,10,40,60,0,50,20,0,0,10,120,0,10,30,10,30,10,10,300,20,20,30,0,20,0,0,0,0,0,40,0,0,0,50,1460,440,120,0,20,70,0,0,0,0,0,0,0,0,0,0,0,0,0,0,0,10,10,10,10,0,50,10,160,20,0,0,0,10,0,250,130,0,50,20,100,120,60,140,370,0,30,0,10,0,0,0,0,0,0,0,0,0,0,40,0,10,0,0,0,230,0,10,40,630,80,0,0,10,90,10,10,0,0,0,0,0,20,0,0,20,0,0,0,0,0,0,0,0,0,0,0,0,0,110
"57",10,0,0,0,20,10,0,30,0,10,120,20,0,70,30,0,90,0,30,0,0,10,0,0,0,0,60,0,0,0,0,0,0,0,0,20,0,0,0,0,40,0,0,20,200,0,0,0,20,0,0,0,0,0,0,0,0,130,300,70,40,50,230,400,20,0,0,10,0,10,10,0,20,0,30,30,40,260,0,0,0,20,0,100,180,290,220,330,50,500,450,0,0,0,0,0,0,10,0,0,0,0,10,0,0,0,40,0,0,170,50,50,0,0,0,0,0,0,10,0,0,0,0,70,200,0,0,0,0,0,0,0,0,0,0,20,60,10,120,0,10,40,50,170,120,0,10,60,100
"58",0,0,0,0,60,0,0,0,0,0,20,10,0,140,10,0,30,0,90,0,0,10,0,0,0,0,10,10,0,0,10,0,30,0,0,0,0,0,0,0,0,10,20,0,70,0,0,0,10,0,0,20,0,0,10,0,230,0,160,130,410,100,450,220,20,0,0,0,10,10,10,10,30,0,0,200,80,460,0,10,0,0,0,20,270,230,20,460,30,170,150,0,10,40,0,0,0,0,0,0,10,0,0,0,0,0,150,0,0,90,0,10,0,0,0,0,0,0,0,30,0,0,0,410,520,0,0,0,0,0,0,0,0,0,0,0,10,0,150,0,0,0,90,10,10,0,0,350,60
"59",20,0,0,40,0,20,0,40,0,60,0,0,0,60,0,10,310,0,70,0,0,0,10,0,0,0,50,0,0,0,0,0,10,20,0,0,0,20,0,10,0,60,80,0,250,0,0,0,0,0,10,0,0,0,0,0,180,70,0,70,310,30,1050,180,0,30,0,10,0,0,20,0,0,0,20,100,180,340,0,10,0,0,0,0,130,100,20,200,40,100,50,0,0,0,10,0,0,0,0,0,10,0,0,0,0,0,20,0,120,130,0,20,0,0,0,0,0,0,0,0,0,0,0,300,260,0,10,0,0,0,0,0,0,0,0,0,0,0,10,10,0,0,50,100,30,0,0,320,40
"60",10,0,0,0,0,10,0,0,0,0,0,0,0,30,0,0,0,0,0,0,0,0,0,0,0,0,0,0,0,0,0,0,0,0,0,0,0,0,0,10,0,0,0,0,20,0,0,0,0,0,0,0,0,0,0,0,10,10,620,0,20,10,170,0,0,0,0,0,0,0,0,40,10,0,0,0,10,170,0,0,0,0,0,0,0,30,0,10,0,0,10,0,0,0,0,0,0,0,0,0,0,0,0,0,0,0,30,0,0,0,0,0,0,0,0,0,0,0,0,0,0,0,0,50,0,0,0,0,0,0,0,0,0,0,0,0,0,0,30,0,0,0,30,30,0,0,0,0,30
"61",0,0,0,0,0,0,0,0,0,0,10,0,0,0,0,0,0,0,40,0,0,10,0,0,0,0,0,0,0,0,0,0,0,0,0,0,0,0,0,0,0,0,0,0,0,0,0,0,0,0,0,0,0,0,0,10,50,120,200,20,0,70,210,50,40,0,0,0,0,0,0,0,0,0,0,20,80,180,0,0,0,0,0,0,0,20,30,50,10,60,10,0,0,0,0,0,0,0,0,0,0,0,0,0,0,0,120,0,0,10,20,0,0,0,0,0,0,0,0,0,0,0,0,200,190,0,0,0,0,0,0,0,0,0,0,20,0,0,0,10,0,0,50,40,0,0,0,60,0
"62",0,0,0,90,10,0,0,50,0,0,60,60,10,0,40,10,110,0,0,0,0,10,0,0,0,0,0,0,0,10,0,20,0,0,0,0,0,0,0,0,0,0,0,0,90,20,0,20,10,0,0,0,0,0,0,0,20,270,130,0,180,0,300,390,0,0,0,0,0,0,0,0,10,0,10,180,150,710,0,0,0,0,0,0,200,260,290,290,20,70,130,0,0,10,0,0,0,0,0,0,0,0,0,0,0,0,110,0,0,10,0,0,0,0,0,0,10,0,10,0,0,0,10,1210,1670,0,0,0,0,0,0,0,0,0,0,0,0,10,0,0,0,20,40,30,10,0,0,1020,60
"63",0,0,0,80,10,0,0,10,0,0,20,0,0,10,0,0,0,10,0,0,0,0,0,0,10,0,0,0,0,0,0,0,10,0,0,0,0,0,20,0,0,0,10,10,0,0,0,20,10,10,0,0,0,0,0,0,30,10,290,10,120,50,0,360,0,0,0,0,0,0,0,0,10,10,0,560,50,570,10,0,0,0,0,0,210,170,160,150,30,50,170,0,0,0,10,10,0,0,0,0,0,0,0,0,0,0,10,0,10,0,0,0,0,0,0,0,0,0,50,0,0,0,0,420,1250,30,0,10,0,0,0,0,0,0,10,0,10,0,0,0,0,0,60,50,0,0,0,450,90
"64",0,0,0,20,0,0,0,0,0,0,10,0,0,0,0,0,0,0,0,0,0,10,0,0,10,0,0,0,0,0,0,0,0,0,0,0,0,0,30,0,0,10,0,0,0,20,0,0,0,0,0,0,0,0,0,0,20,70,150,10,0,80,300,0,10,0,10,0,0,0,0,0,0,0,30,150,60,80,0,0,0,0,0,0,70,60,30,130,0,30,10,0,0,10,0,0,0,0,0,10,0,0,0,0,0,0,0,0,0,50,30,0,0,0,0,0,0,0,70,0,0,0,0,10,50,0,0,0,0,0,0,0,0,0,0,0,0,0,0,0,0,0,0,0,0,0,0,30,0
"65",10,0,20,0,0,0,10,0,10,0,70,0,0,40,0,10,20,20,20,0,10,0,0,10,0,0,0,0,40,10,40,0,0,0,0,0,0,10,0,0,30,0,80,0,10,90,0,80,0,0,0,0,0,0,0,0,0,0,0,0,20,10,0,10,0,130,10,0,10,0,10,120,0,140,650,150,50,50,0,0,0,0,0,0,460,220,150,260,710,430,420,0,10,0,0,0,0,0,0,0,0,10,0,0,0,30,0,0,30,10,0,20,0,0,0,0,10,0,70,0,0,0,0,40,130,0,0,0,0,40,0,20,0,50,10,20,100,0,20,20,0,30,0,0,0,0,0,0,20
"66",20,0,0,130,0,0,0,0,0,50,20,0,20,40,10,0,10,0,10,0,10,10,10,0,0,0,0,10,60,0,110,0,10,100,20,40,10,10,50,0,10,0,30,30,70,60,0,20,0,0,100,0,0,0,70,0,40,0,0,0,0,0,0,20,50,0,70,60,110,60,80,110,80,170,460,50,90,20,0,30,20,0,0,10,850,600,170,260,280,970,620,0,10,30,70,20,10,0,0,30,20,60,40,0,30,0,0,0,0,0,20,0,0,0,0,0,0,0,220,0,0,0,0,20,210,120,0,0,40,70,60,20,30,0,50,0,50,0,0,0,0,50,0,10,0,0,0,0,40
"67",0,0,0,60,10,0,0,30,0,0,0,0,0,20,0,0,0,50,10,10,0,10,0,40,10,0,40,0,10,30,60,10,20,0,60,30,0,20,20,20,120,0,40,0,20,90,0,10,0,0,0,0,0,0,0,0,0,0,0,0,0,0,0,0,20,200,0,0,10,100,440,60,150,130,110,80,30,20,10,40,20,10,30,0,520,640,290,360,250,280,990,0,0,10,0,0,0,0,0,0,10,70,0,0,0,0,0,0,70,60,0,40,0,0,0,0,0,0,50,0,0,0,0,10,150,0,0,0,0,0,0,0,0,0,0,0,0,0,0,0,0,0,0,10,0,0,0,0,10
"68",0,0,0,120,20,0,0,20,0,10,70,0,0,20,20,0,30,10,10,0,0,30,0,0,0,0,0,0,0,0,10,20,10,70,0,100,70,10,0,0,20,0,10,0,210,0,0,130,10,10,0,0,0,20,0,0,50,10,0,0,0,20,10,0,100,100,20,0,550,10,50,100,90,240,630,190,140,330,0,50,0,0,0,0,930,260,200,460,120,860,410,10,60,0,0,0,20,0,20,20,10,0,0,0,10,0,0,0,0,20,20,0,0,40,0,0,0,0,110,60,0,0,0,80,220,130,0,0,0,0,10,0,0,0,0,170,30,110,0,0,320,170,140,30,50,0,0,0,50
"69",0,0,0,40,0,0,0,10,10,0,70,0,0,0,0,0,0,0,0,0,0,0,0,40,0,0,50,0,0,0,20,0,0,0,0,20,10,40,0,0,0,0,0,0,0,0,0,40,0,0,0,0,0,0,0,0,0,0,0,0,0,0,0,0,0,180,0,30,0,40,10,10,10,20,30,0,0,30,0,0,0,30,0,30,180,140,210,160,130,230,90,0,0,0,20,0,0,0,30,120,60,0,0,0,0,0,0,0,0,0,0,20,0,0,0,0,0,0,0,0,0,0,0,0,30,0,0,10,0,0,0,0,10,0,0,0,0,0,0,0,10,0,0,0,0,0,0,0,10
"70",0,0,0,20,20,0,0,0,0,10,20,0,0,20,0,10,0,10,0,0,0,0,0,0,30,0,0,0,0,0,100,0,0,10,0,10,0,0,0,10,0,0,0,20,10,0,0,20,0,0,0,0,0,0,0,0,0,0,0,0,0,10,0,0,0,370,40,10,0,0,10,30,90,0,60,110,20,100,0,40,0,0,0,0,280,330,130,40,120,730,410,0,0,0,0,0,0,0,0,0,40,180,0,20,120,10,0,0,0,0,0,10,0,0,0,0,0,0,0,0,0,0,0,40,50,30,0,0,0,0,0,0,0,0,0,0,0,0,0,0,0,0,0,10,0,0,0,0,0
"71",50,0,10,140,0,0,0,0,0,0,170,0,0,50,0,0,10,100,0,10,0,20,10,50,0,10,10,0,20,10,30,0,10,170,0,60,10,10,0,10,0,0,30,0,100,20,0,30,10,10,30,0,0,0,0,0,10,0,0,0,0,10,0,10,30,40,220,0,30,0,0,30,380,30,110,20,60,70,10,30,0,0,0,0,260,370,200,270,150,200,520,0,10,0,10,0,0,0,0,0,0,10,0,0,0,10,0,0,0,0,10,0,0,0,0,0,10,0,80,0,0,0,0,10,180,20,0,0,0,0,0,0,0,0,0,0,30,0,0,0,0,10,0,0,0,0,0,0,0
"72",10,10,30,150,0,20,0,0,60,40,30,10,0,40,0,10,40,50,0,40,0,30,10,30,10,10,0,10,0,0,0,10,20,0,0,40,0,0,90,70,110,50,0,180,280,120,0,90,0,0,0,0,0,0,0,0,10,20,10,0,0,60,0,0,60,220,40,10,30,10,100,0,210,70,110,80,30,180,30,30,0,0,80,0,130,130,130,200,450,170,700,10,0,0,0,0,10,0,0,0,20,10,0,0,0,0,30,0,70,30,30,0,0,30,0,0,0,0,80,0,0,0,0,20,60,0,0,0,0,0,10,60,10,40,0,0,160,0,40,0,20,0,0,0,0,0,50,0,10
"73",50,0,0,30,50,0,0,0,0,0,50,50,0,60,10,10,30,30,20,10,0,30,10,0,0,0,60,0,0,10,0,60,0,50,0,10,0,210,40,60,30,0,0,200,110,60,20,80,10,0,30,0,0,0,0,0,40,20,0,0,0,0,20,0,10,40,60,60,40,0,140,140,0,30,80,70,0,60,10,0,0,0,20,0,240,180,150,240,190,220,800,0,0,0,0,0,0,0,0,0,0,10,10,0,0,10,0,0,10,40,40,0,0,0,0,0,0,0,90,0,0,0,0,0,40,0,0,0,0,0,0,0,0,0,0,0,0,0,0,0,0,0,0,0,10,0,10,0,0
"74",90,0,10,50,150,0,0,0,50,10,70,20,10,70,20,0,30,20,20,0,0,10,0,0,10,0,10,0,0,0,0,60,10,0,0,100,40,10,90,0,0,10,40,0,110,10,0,30,0,0,10,0,0,0,0,0,0,10,20,10,0,0,70,0,330,360,60,630,40,80,110,110,90,0,680,50,80,260,0,20,0,60,0,0,920,450,200,510,210,900,530,0,20,40,20,40,0,0,0,10,10,20,0,0,30,0,0,10,10,90,20,130,0,0,0,10,10,0,100,0,0,0,0,80,210,60,0,0,10,10,10,0,10,0,50,20,190,0,0,0,250,20,0,30,10,0,0,60,40
"75",0,0,0,30,20,0,0,10,0,20,60,0,0,10,0,0,0,0,20,0,0,10,0,0,0,0,10,0,0,10,0,0,0,10,0,60,10,30,0,10,0,0,20,10,20,30,0,0,0,0,0,10,0,0,0,0,0,0,0,0,0,0,0,30,200,110,10,40,40,10,10,70,40,100,0,20,20,60,0,10,20,0,10,0,370,130,240,140,150,450,210,0,0,20,0,0,0,0,0,0,10,10,10,0,0,0,90,0,40,10,0,20,0,0,0,0,0,0,20,0,0,0,0,20,50,0,0,0,0,0,20,0,20,0,20,10,30,0,0,0,10,0,30,0,0,0,0,10,160
"76",0,0,0,0,0,0,0,0,0,0,10,0,0,0,0,0,0,0,40,0,0,0,0,0,0,0,0,0,0,0,0,0,0,0,0,0,0,0,0,0,0,0,0,0,0,10,0,10,0,0,0,0,0,0,0,0,10,20,0,0,0,0,30,0,0,0,0,0,0,0,0,0,10,10,40,0,180,970,0,0,0,0,0,0,40,120,0,170,70,50,0,0,0,0,10,0,0,0,0,0,0,0,0,10,0,0,0,0,0,0,0,10,0,0,0,0,0,0,0,0,0,0,0,10,30,0,0,0,0,0,0,0,0,0,0,0,10,0,20,0,0,20,0,20,0,0,0,10,90
"77",0,0,0,0,0,0,0,0,0,0,0,0,0,10,0,0,10,0,30,0,0,0,0,0,0,0,0,0,0,0,0,0,0,10,0,0,0,0,0,0,20,0,0,0,190,90,0,170,0,0,0,0,0,0,0,0,30,0,20,0,40,0,50,0,10,0,0,0,0,0,0,10,10,20,0,320,0,1160,0,10,0,0,0,0,140,70,20,80,10,60,160,0,0,0,0,10,0,10,0,0,0,0,0,20,0,0,0,0,0,0,0,0,0,0,0,0,0,0,0,0,0,0,0,40,60,0,0,0,30,0,0,10,0,0,0,0,0,0,0,0,30,0,50,10,0,0,0,0,20
"78",0,0,0,0,0,0,0,0,0,0,0,0,0,0,10,0,0,0,0,0,0,0,0,20,0,0,10,0,0,0,0,30,0,10,0,10,20,0,10,50,0,10,0,0,20,0,0,10,0,0,0,0,0,0,0,0,20,0,0,0,30,10,0,20,0,0,0,80,0,10,0,0,10,10,0,370,110,0,0,10,0,10,0,0,90,100,10,140,0,50,40,0,0,0,0,0,0,10,0,0,0,0,0,0,0,0,10,0,50,50,0,0,0,0,0,0,0,0,0,0,0,0,0,220,170,0,0,0,40,0,0,10,10,0,0,0,0,0,10,0,0,20,0,0,0,0,0,0,70
"79",0,0,0,30,0,0,0,0,0,0,30,0,0,0,0,0,0,0,0,0,50,110,20,0,20,70,60,0,70,0,10,200,50,0,0,0,0,0,0,0,0,0,0,0,0,0,10,20,10,0,0,0,0,0,0,0,0,0,0,0,0,0,0,0,10,130,60,0,10,0,10,30,0,0,20,10,40,0,0,590,280,240,80,0,40,140,50,150,30,70,150,0,10,10,30,0,0,0,0,0,10,10,0,0,0,0,0,0,0,0,0,80,0,0,0,0,0,0,10,0,0,0,0,0,0,100,0,0,0,0,0,0,0,10,0,0,0,0,0,0,0,0,0,0,0,0,0,0,0
"80",10,0,0,0,0,0,0,0,10,0,70,10,0,0,10,0,0,0,0,0,0,100,10,30,10,50,80,20,0,10,0,10,110,10,0,10,0,0,0,0,0,0,10,0,0,0,0,0,0,0,30,0,0,10,0,0,0,0,0,0,0,0,0,0,0,0,0,0,0,0,10,20,40,0,20,0,10,0,250,0,150,400,460,130,230,210,40,100,20,60,170,0,0,20,0,0,0,0,0,0,0,0,0,0,0,20,0,0,0,10,70,40,0,0,0,0,0,0,30,0,0,0,0,20,0,170,10,10,10,0,0,30,0,0,0,0,0,0,0,0,0,0,70,0,0,0,0,0,60
"81",0,0,0,20,0,0,0,10,0,30,0,0,0,0,0,0,0,0,30,0,30,80,0,20,10,80,10,0,10,0,0,80,20,0,0,0,0,0,0,0,0,0,0,0,0,0,0,0,10,0,0,0,0,0,10,0,0,0,0,0,0,0,0,0,10,20,0,0,0,0,0,0,0,0,0,0,0,0,340,360,0,250,120,20,30,70,130,150,0,50,130,0,0,0,0,0,0,0,0,30,30,0,0,0,0,0,0,0,0,0,0,30,0,0,0,0,0,0,0,0,0,0,0,0,10,160,0,0,0,0,0,0,10,0,0,0,10,0,0,0,0,0,0,0,0,0,0,0,10
"82",0,0,0,0,0,0,0,0,0,0,0,0,0,0,0,10,0,0,0,0,0,10,0,0,0,0,0,0,0,0,0,0,0,0,0,0,0,0,0,0,0,0,0,0,0,0,0,10,0,0,0,0,0,60,0,0,0,0,0,0,0,0,0,0,0,0,0,0,0,0,0,0,0,0,30,0,0,10,10,180,50,0,80,10,0,30,10,0,10,0,60,0,0,0,0,0,0,0,0,0,0,0,0,0,0,0,0,0,20,0,0,70,0,0,10,0,0,0,0,0,0,0,0,10,10,10,80,10,0,0,0,0,0,0,0,0,0,0,0,10,0,0,0,0,0,0,0,0,10
"83",0,0,0,0,0,0,0,0,0,0,10,0,0,0,0,0,0,0,0,0,0,40,0,0,0,0,90,0,10,0,0,0,10,0,0,0,0,0,0,0,0,0,0,0,0,0,0,10,0,0,0,0,0,0,0,0,0,0,0,0,0,0,0,0,0,0,0,0,0,0,10,0,0,0,10,0,0,40,10,50,0,10,0,150,20,80,0,0,10,100,0,0,0,10,0,0,10,0,0,0,0,0,0,0,0,0,0,0,0,0,0,40,0,0,0,0,10,0,0,0,0,0,0,0,0,10,0,0,0,0,0,0,0,0,0,0,0,0,0,0,0,0,0,0,0,0,0,0,0
"84",0,0,0,0,10,0,0,0,0,0,60,0,0,0,0,0,0,0,10,0,0,0,0,0,10,0,0,10,0,0,0,0,10,0,0,120,0,10,0,0,0,0,0,0,10,0,0,0,0,0,10,0,0,0,0,0,0,0,0,0,0,0,0,0,0,0,0,0,0,0,0,0,0,0,60,10,0,10,0,0,0,20,30,0,100,110,50,10,10,10,0,0,50,0,0,0,0,0,0,0,20,0,10,0,0,0,0,0,0,0,0,0,0,0,10,0,0,0,0,0,0,0,0,0,20,0,0,0,0,0,0,0,0,0,0,0,0,0,0,0,0,0,0,0,0,0,0,0,0
"85",10,0,0,270,80,60,0,20,10,20,600,50,10,0,10,70,30,30,50,10,0,320,50,50,10,10,0,50,20,10,50,70,60,10,30,190,0,80,40,20,20,0,40,10,220,10,0,200,20,30,130,10,0,10,40,10,20,120,30,0,0,10,20,140,100,470,110,100,80,100,210,250,110,140,690,130,100,370,50,190,0,40,0,10,0,2210,1390,4200,650,5400,2080,0,10,0,10,60,30,0,0,0,60,70,60,20,80,0,30,30,20,30,70,50,0,0,10,0,0,0,420,0,0,0,0,280,880,70,0,0,60,30,20,0,20,190,20,10,170,30,30,80,160,70,110,30,30,0,0,40,20
"86",0,0,0,80,40,0,0,0,0,60,150,0,10,50,0,0,10,0,0,0,0,100,0,0,10,0,10,10,0,0,10,20,40,30,0,10,10,50,0,0,0,10,20,20,90,0,0,130,10,0,90,0,0,10,10,0,10,0,0,0,0,20,0,10,30,100,50,20,20,130,30,90,110,50,190,120,140,60,10,10,10,0,10,10,5400,0,1870,3320,490,1340,1810,0,10,0,40,0,60,0,0,0,60,0,10,0,20,0,10,10,100,10,40,80,0,0,0,0,20,0,160,0,0,0,0,30,270,90,0,0,0,10,30,0,110,20,30,0,10,0,0,0,20,0,90,10,10,0,0,40,0
"87",20,0,0,100,0,0,0,0,40,0,80,0,10,50,0,0,0,0,0,0,0,100,30,0,0,0,0,10,0,10,10,0,0,10,0,20,0,0,0,0,0,30,30,10,10,0,0,0,0,10,10,0,20,0,0,0,110,10,0,0,0,10,0,20,100,160,0,0,0,0,0,20,30,80,210,50,10,60,20,20,20,0,0,10,3820,2560,0,4920,140,1450,970,0,0,0,10,0,0,0,0,0,80,0,0,0,50,10,0,0,0,0,20,10,0,0,0,0,0,0,130,30,0,0,0,40,330,40,0,10,10,0,0,0,30,50,0,0,0,0,0,0,10,0,20,0,0,0,10,40,10
"88",0,0,0,150,60,10,0,0,0,10,240,0,10,80,0,0,0,0,0,0,0,150,10,0,10,0,50,10,10,0,10,10,0,0,0,70,0,30,10,0,0,0,110,40,120,10,70,290,20,0,50,0,0,10,10,0,0,10,0,0,0,0,70,40,110,270,30,10,60,50,90,100,100,0,320,260,140,210,10,20,0,10,0,40,2480,2060,1050,0,640,2690,3220,0,30,0,0,10,10,0,0,20,50,10,40,0,20,50,0,10,60,20,60,170,0,0,0,0,0,0,110,100,0,0,30,60,450,100,0,0,0,0,10,20,10,130,20,0,20,50,0,0,10,10,40,80,100,0,0,70,120
"89",50,0,0,60,0,0,0,0,0,0,60,0,10,10,0,10,0,0,0,0,0,30,10,0,0,0,0,0,0,40,0,0,0,10,0,100,0,30,70,0,0,10,70,0,30,20,0,40,0,0,0,0,0,10,20,10,0,0,0,0,0,0,0,10,120,140,40,0,20,220,100,250,90,20,150,60,60,40,0,0,20,0,0,20,630,330,120,600,0,270,520,0,40,0,0,0,0,20,10,0,10,30,10,0,10,0,30,10,0,0,40,30,0,0,0,0,10,0,10,0,0,0,0,10,170,10,0,0,0,0,30,0,0,20,20,0,40,60,0,0,0,10,0,0,0,0,250,50,0
"90",30,0,0,70,140,10,0,0,0,0,40,40,0,0,0,20,0,10,0,10,0,0,0,130,0,0,10,0,60,0,0,20,0,10,20,40,0,0,10,0,0,10,0,0,80,10,0,100,0,0,0,0,0,0,0,0,30,0,0,0,0,0,0,0,130,480,10,10,30,140,10,70,30,230,410,150,120,160,10,10,0,0,0,10,1720,770,530,1120,350,0,640,0,0,0,0,0,0,0,20,0,60,30,0,70,20,30,0,0,30,0,10,10,0,0,0,0,30,0,0,0,0,0,0,10,180,10,0,0,0,40,0,30,10,110,0,10,50,40,10,0,0,0,40,20,0,0,0,0,70
"91",0,0,0,30,70,40,0,0,20,0,0,0,10,10,0,0,0,10,70,0,0,40,0,0,0,0,0,40,0,10,10,0,0,180,40,150,10,90,0,0,0,10,0,0,0,50,10,100,20,0,30,0,0,0,0,70,0,20,0,0,0,0,30,0,70,160,80,0,70,60,110,60,140,40,240,90,130,110,0,20,0,0,10,50,760,1180,520,830,580,580,0,0,20,0,0,0,10,0,0,0,0,20,0,10,0,20,10,0,30,0,10,0,0,0,0,0,0,0,100,0,0,0,0,130,180,30,0,0,0,0,10,10,0,0,0,0,30,0,10,0,20,110,0,20,10,0,0,40,10
"92",0,0,0,0,0,0,0,0,50,0,0,20,0,0,0,0,0,0,0,0,0,0,0,0,0,0,0,0,0,10,0,0,0,0,0,0,0,0,0,0,0,0,0,0,0,0,0,0,0,0,0,160,20,0,10,0,0,0,0,0,0,0,0,0,10,0,0,0,0,0,0,0,0,0,0,0,0,0,0,0,0,0,0,0,0,10,0,80,30,20,60,0,450,260,0,0,0,0,0,0,0,0,0,0,0,0,0,0,0,0,0,0,0,0,0,0,0,0,20,0,0,0,0,0,0,10,30,0,0,0,0,0,0,0,0,0,0,0,0,0,0,0,0,0,0,0,0,0,0
"93",0,0,0,0,0,0,0,0,0,0,0,0,0,0,0,0,0,0,20,0,0,0,0,0,0,0,0,0,0,0,0,0,0,0,0,0,0,0,0,0,60,0,0,0,0,0,0,0,0,0,0,0,0,0,0,0,0,0,0,0,0,0,0,0,0,0,0,0,0,0,0,10,0,0,0,0,0,0,0,0,0,0,0,0,80,0,0,40,0,10,40,690,0,170,0,0,0,0,0,20,0,0,0,0,0,0,0,0,0,0,0,0,0,0,10,0,0,0,10,0,0,0,0,0,0,70,20,0,0,0,0,0,0,0,0,0,0,0,0,0,0,0,0,0,0,0,0,0,0
"94",10,0,0,0,20,0,0,0,0,0,0,50,0,10,0,0,10,0,0,0,0,0,0,10,0,0,0,0,0,50,0,10,0,0,0,0,0,0,0,0,0,0,0,0,0,0,0,0,0,30,20,10,0,0,0,0,0,0,0,0,0,0,0,0,0,50,0,0,0,0,10,0,10,0,80,0,0,0,0,0,0,0,10,0,60,70,10,70,30,20,60,140,3530,0,0,0,0,0,0,0,0,0,0,0,0,0,0,0,0,0,0,10,0,0,10,0,0,0,50,0,0,0,10,0,10,40,0,0,0,0,0,0,0,0,0,0,0,0,0,0,0,0,0,0,0,0,0,0,10
"95",10,0,0,110,0,0,0,0,0,0,50,0,0,0,40,0,20,20,40,0,20,80,10,0,0,0,50,10,50,40,10,10,70,0,0,0,10,80,0,0,60,0,0,0,70,0,0,0,0,0,10,0,0,0,0,0,0,0,0,0,0,0,0,10,10,340,30,10,30,10,0,30,10,10,110,40,20,110,0,0,0,0,0,0,780,290,180,320,50,260,640,0,0,0,0,10,70,60,160,360,1010,10,30,20,140,0,0,0,10,10,30,0,0,0,0,0,0,0,0,0,0,0,0,40,90,40,0,0,0,0,40,40,50,0,10,10,0,0,0,0,0,0,0,0,0,0,0,0,0
"96",0,0,10,230,0,10,90,40,0,0,0,0,0,0,0,0,0,0,20,0,40,10,0,0,80,60,180,20,300,0,10,100,160,20,0,0,0,0,0,0,10,0,0,0,40,0,0,0,0,0,60,0,20,0,0,0,10,50,0,0,0,0,0,30,0,50,10,0,0,50,10,0,10,0,20,70,80,170,0,40,0,0,50,10,220,80,80,100,0,60,90,0,0,0,10,0,0,360,30,20,180,0,10,230,190,90,0,0,10,0,0,50,0,0,0,0,10,0,20,0,0,0,0,10,130,0,0,0,0,10,80,50,0,10,0,0,10,0,0,0,0,0,20,0,0,0,0,0,10
"97",20,0,0,210,20,130,0,130,0,70,20,10,0,0,0,0,10,0,20,10,0,60,0,0,30,0,40,0,60,0,10,0,150,80,0,20,0,0,20,10,0,0,0,0,50,0,0,0,0,0,0,0,0,0,0,0,0,20,0,0,0,0,10,0,0,530,20,0,60,0,10,40,0,30,10,100,20,190,0,0,0,20,0,10,1060,450,220,640,70,750,630,0,0,10,40,30,0,10,90,450,560,30,230,10,80,20,0,0,50,0,0,30,0,0,0,0,10,0,10,0,0,0,0,160,90,10,0,0,40,60,0,10,90,0,40,0,0,0,0,0,0,0,0,0,0,0,0,0,60
"98",0,0,0,50,120,20,0,0,0,0,10,10,0,0,0,0,30,0,20,0,20,50,30,10,40,0,380,340,250,10,0,240,540,0,0,0,0,10,0,0,0,0,0,0,40,0,0,20,0,0,20,0,0,0,0,0,0,50,0,0,0,0,0,10,0,60,0,0,0,240,0,40,0,0,10,60,130,180,0,0,0,0,130,0,160,180,100,60,100,80,300,0,0,0,20,140,30,0,10,20,40,0,0,20,370,70,10,0,0,0,0,60,0,0,0,0,0,0,0,0,0,0,0,0,40,10,0,0,0,0,0,10,0,10,0,0,0,0,0,0,0,0,10,0,0,0,0,0,40
"99",0,0,70,30,10,0,0,10,0,50,80,0,0,0,0,50,0,0,110,20,50,0,0,0,0,0,10,10,40,0,0,50,340,0,0,20,0,20,10,0,0,0,0,0,10,0,0,0,0,0,0,0,0,0,0,0,0,10,0,0,10,0,0,0,0,140,0,0,0,10,20,60,10,30,40,120,10,60,0,10,0,0,0,60,510,250,80,270,30,490,250,0,0,20,210,20,20,30,0,530,530,0,50,110,130,10,0,0,0,0,10,0,0,0,0,0,0,0,0,0,0,0,0,0,40,20,0,10,10,20,100,150,100,10,10,0,0,0,0,0,0,20,0,0,0,0,0,60,10
"100",60,0,0,70,0,0,0,0,30,0,10,0,0,0,10,0,0,0,0,10,0,0,10,70,30,0,10,0,0,0,0,0,10,0,0,20,0,0,0,0,30,0,0,0,100,10,0,10,0,10,0,0,0,0,0,0,50,0,0,0,0,0,0,0,0,40,0,0,10,20,10,0,0,0,30,0,0,10,0,40,0,0,0,0,270,90,60,170,20,200,140,0,0,10,80,0,40,10,20,0,250,0,180,20,20,0,0,0,40,0,0,0,0,0,0,0,0,0,10,0,0,0,0,10,10,0,0,0,10,0,20,30,0,20,0,10,0,10,0,0,0,0,0,0,0,0,0,0,0
"101",0,0,0,70,0,0,0,30,0,0,10,0,10,0,0,0,0,0,0,0,0,10,0,0,0,50,0,0,10,0,0,10,0,90,0,20,0,0,20,0,40,0,0,0,0,0,0,0,0,0,0,0,0,0,0,40,0,0,10,0,0,0,0,0,20,110,60,0,70,180,0,10,0,20,100,30,0,120,0,0,0,0,10,0,330,90,120,220,40,250,150,0,10,10,160,0,30,0,50,130,0,40,60,60,90,0,0,10,0,0,40,0,0,0,0,0,0,0,10,0,0,0,0,0,160,60,10,0,0,0,0,10,0,50,30,0,0,0,0,0,10,0,0,10,0,0,0,0,0
"102",20,0,0,130,70,0,0,0,0,10,0,10,0,0,0,80,0,20,120,0,0,30,0,0,140,0,230,10,30,10,140,10,170,180,0,30,10,0,0,0,0,0,0,0,50,10,0,60,30,10,0,40,0,0,0,0,0,0,10,0,0,0,0,0,0,170,220,10,0,630,110,10,10,20,10,60,150,370,0,130,10,140,60,40,1110,450,160,520,90,600,780,0,0,10,60,0,0,50,10,140,240,0,10,130,390,50,10,0,0,0,0,20,0,0,0,0,10,0,90,10,0,0,0,20,140,10,0,0,0,10,0,0,0,0,0,0,10,20,0,10,0,0,0,0,0,0,0,0,70
"103",0,0,50,100,0,10,0,40,0,0,0,0,0,50,20,0,30,10,0,0,30,10,0,0,10,0,0,0,10,0,0,90,0,0,0,0,0,10,40,0,30,0,0,0,30,0,10,0,0,50,0,0,10,0,0,0,0,0,0,0,0,0,30,0,0,630,0,0,70,10,0,40,50,60,100,30,10,90,0,10,0,0,0,30,690,280,90,210,80,400,180,0,0,0,70,10,180,0,10,2320,500,0,0,0,50,0,0,0,30,0,50,10,0,0,10,0,20,50,0,0,0,0,0,10,100,0,0,0,10,10,0,70,30,20,10,0,10,0,0,0,40,0,10,0,10,0,0,20,0
"104",30,0,0,160,70,20,10,0,0,0,40,0,10,10,0,30,70,0,30,10,20,50,30,10,100,140,250,90,80,10,10,180,390,130,0,10,0,20,0,70,0,10,0,0,270,10,0,0,30,10,0,0,20,0,0,20,0,0,0,0,0,10,30,0,40,220,40,30,20,470,100,30,100,50,270,180,160,310,10,30,20,30,80,140,570,340,320,340,210,560,870,0,0,10,120,110,40,80,70,100,1090,50,40,0,1190,100,0,0,30,10,30,10,0,20,10,0,0,0,0,0,0,0,0,0,210,60,0,0,10,20,0,50,20,0,40,0,50,0,20,10,0,0,10,10,0,0,10,0,30
"105",0,0,0,0,0,0,0,0,10,0,0,0,10,0,0,0,0,0,60,10,10,30,0,0,30,0,0,50,0,0,10,0,10,0,0,50,0,0,50,0,0,0,0,0,60,0,0,0,0,0,0,0,0,0,0,0,0,10,0,0,0,0,0,0,0,20,0,0,0,350,0,0,40,0,10,10,0,40,10,20,0,0,80,0,190,110,20,50,0,100,70,0,0,0,70,80,0,10,20,50,160,60,20,120,0,20,40,0,0,0,0,30,0,20,0,0,0,0,10,0,0,0,0,10,0,0,0,0,0,0,0,0,20,0,0,0,0,0,0,0,0,0,0,0,0,0,0,0,0
"106",10,0,0,90,0,0,0,0,0,0,0,0,0,0,40,0,0,20,0,10,0,190,20,0,210,30,300,190,90,10,90,170,160,10,0,0,0,0,0,30,0,0,0,0,0,0,0,20,0,0,0,0,0,0,0,0,0,0,0,0,0,0,0,0,30,30,50,0,20,0,60,0,10,20,20,30,30,50,10,100,0,10,90,0,400,280,230,230,10,420,110,0,0,0,10,10,10,40,0,300,130,10,0,30,220,0,0,10,10,0,0,10,0,10,0,0,0,0,0,0,0,0,0,0,40,20,0,0,0,0,20,0,10,0,0,0,20,0,10,0,0,0,0,0,0,0,0,0,90
"107",30,10,0,1090,250,90,0,470,130,40,140,0,100,1980,190,140,110,0,0,0,0,0,0,0,0,0,0,0,0,0,0,20,50,120,0,210,10,50,20,0,370,0,20,10,10,10,0,0,0,0,0,0,10,0,0,0,10,0,0,0,20,0,0,0,10,40,40,0,0,0,40,10,100,20,80,30,20,10,0,0,10,10,0,10,310,40,10,150,130,210,330,0,10,0,10,0,0,0,0,0,10,0,0,20,30,0,0,220,400,860,1150,0,0,0,0,0,10,0,100,0,0,0,40,10,110,10,0,0,30,0,40,70,50,10,60,0,40,0,0,20,0,20,10,40,0,0,0,0,120
"108",0,0,0,80,70,0,0,0,0,50,30,0,0,120,30,10,0,0,0,0,0,0,0,0,0,0,0,10,0,0,0,0,0,20,0,10,0,20,30,0,80,0,0,0,30,0,0,0,0,10,0,0,0,0,0,30,0,0,0,0,0,10,0,0,40,60,0,0,0,0,10,0,0,0,10,0,0,0,0,0,0,0,0,0,130,80,120,70,20,0,100,0,0,0,0,0,0,0,0,0,0,0,0,0,10,0,90,0,180,90,890,0,0,0,0,0,0,0,10,10,0,0,0,0,40,0,0,0,0,50,10,10,0,0,0,0,0,0,0,0,0,0,0,0,0,60,10,0,10
"109",100,0,0,30,10,0,0,0,0,20,70,10,130,190,10,30,0,0,0,0,0,0,0,0,0,0,0,0,0,0,0,0,10,160,0,20,0,30,200,0,220,0,0,0,10,0,10,0,0,20,10,0,0,0,0,10,0,0,0,0,0,0,0,0,10,20,0,0,0,0,0,0,0,0,10,0,40,10,0,10,0,0,0,0,140,70,20,10,30,20,100,0,0,0,10,0,0,0,0,0,10,0,0,0,0,0,100,100,0,60,270,10,0,0,0,0,0,0,10,0,0,0,0,0,20,0,0,0,0,0,0,0,10,0,10,0,0,0,0,0,20,0,10,0,0,0,0,0,0
"110",0,0,0,10,0,0,0,10,0,50,20,0,0,70,20,0,0,0,0,0,0,0,0,0,0,0,0,0,0,0,0,0,0,0,0,40,0,0,0,0,0,0,0,0,0,0,0,0,10,0,0,0,0,0,30,0,20,30,0,0,10,0,0,50,0,20,0,0,0,0,0,0,40,30,0,0,200,0,0,0,0,0,10,0,10,50,40,20,100,10,10,0,0,10,0,0,0,0,0,0,0,0,0,0,0,0,90,30,120,0,280,0,0,0,0,0,0,0,20,0,0,0,0,50,0,0,0,0,10,0,0,0,0,0,0,0,0,0,0,0,30,0,0,0,0,0,0,0,20
"111",70,10,0,230,30,20,0,10,0,20,20,10,0,10,50,0,0,0,10,0,0,30,0,0,0,0,0,0,0,0,0,0,0,0,0,70,0,0,40,0,0,0,0,10,0,20,0,10,0,30,0,0,0,0,0,0,0,0,0,0,0,0,0,0,0,0,0,0,0,0,0,10,60,40,100,0,0,0,0,0,10,0,0,0,60,90,20,130,10,30,50,0,0,0,0,0,0,0,0,0,10,0,0,0,0,0,340,70,200,300,0,20,0,0,0,0,10,0,10,0,0,0,0,10,10,10,0,0,20,10,40,0,0,10,10,0,0,0,0,0,10,30,0,0,0,0,0,0,0
"112",0,0,0,0,10,20,0,10,0,0,0,0,10,0,0,0,0,0,0,0,0,0,0,0,10,0,0,0,0,0,0,0,10,0,0,10,0,0,0,0,0,0,0,0,0,0,0,0,0,0,0,0,0,0,10,0,0,10,0,0,0,0,0,0,0,0,0,0,0,0,10,0,0,0,0,0,0,0,0,0,0,0,0,30,30,10,10,0,0,10,10,0,0,70,0,0,10,0,0,0,0,0,0,0,0,0,10,0,10,0,0,0,20,0,0,0,0,0,20,0,0,0,0,0,0,50,0,30,0,0,0,0,0,0,0,0,0,0,0,0,0,0,0,0,0,0,0,0,0
"113",40,0,10,50,10,40,10,100,0,0,60,20,0,0,0,0,0,0,0,0,0,10,0,0,0,0,0,0,0,0,0,0,0,20,0,0,0,0,0,0,0,0,0,0,0,0,0,0,20,0,0,0,0,0,0,0,0,0,0,0,0,0,0,0,10,10,0,0,0,0,40,10,0,0,0,10,0,10,0,0,0,0,0,0,20,0,0,0,10,0,0,0,0,0,0,0,0,0,0,0,0,0,0,0,0,0,0,0,10,0,0,0,0,40,40,30,400,10,130,20,30,2140,540,0,10,0,0,0,0,0,0,0,0,0,0,0,0,0,0,0,0,0,0,0,0,10,70,0,0
"114",0,0,0,0,0,0,0,40,0,0,0,0,0,0,0,0,0,0,0,0,0,0,0,0,0,0,0,0,0,0,0,0,0,0,0,0,0,0,0,0,0,0,0,0,0,0,0,0,0,20,0,0,0,0,0,0,0,0,0,0,0,0,0,0,0,0,0,0,0,0,50,0,0,0,0,10,0,0,0,0,0,0,0,0,0,0,0,0,0,0,0,0,0,0,0,0,0,0,0,0,0,0,0,0,0,0,0,0,0,0,0,0,0,0,50,20,0,50,390,10,0,40,0,0,10,0,0,0,0,0,0,0,0,0,0,0,0,0,0,0,0,0,0,0,0,0,40,0,40
"115",0,0,10,320,20,0,0,10,0,10,0,0,0,0,0,20,0,0,0,0,0,20,0,0,0,0,0,0,0,0,0,40,0,10,0,0,20,0,0,0,0,0,0,0,0,20,0,20,10,40,40,0,0,0,0,190,0,0,0,0,0,0,0,0,0,0,0,0,0,0,0,110,0,10,0,10,0,10,0,10,0,0,0,0,30,60,10,30,10,0,20,0,0,70,0,0,0,0,0,0,0,0,0,0,0,0,60,80,0,0,20,0,50,100,0,30,90,40,1750,1180,10,0,110,0,0,0,0,0,0,0,0,0,0,0,0,0,0,0,0,0,0,0,0,0,0,0,170,0,10
"116",90,50,120,280,40,300,0,140,0,100,100,150,230,0,0,10,10,0,0,0,0,0,0,0,0,0,0,0,0,0,0,0,0,0,0,0,0,50,0,0,0,0,0,0,0,0,0,0,0,0,0,0,0,0,30,10,0,0,0,0,0,0,0,0,0,0,0,0,0,0,10,0,10,0,0,0,0,0,0,0,0,0,0,0,60,40,60,40,0,20,160,0,0,0,0,0,0,10,0,0,0,0,0,0,0,0,0,0,0,20,10,0,40,0,40,0,400,10,800,30,20,100,20,0,0,20,0,0,0,0,0,0,0,0,0,0,0,0,0,0,0,0,10,0,0,10,330,0,30
"117",90,50,70,370,150,100,40,240,10,80,30,20,80,90,40,10,20,0,0,0,0,0,0,10,0,0,0,0,0,0,0,0,30,0,0,0,0,50,20,0,0,0,0,0,10,20,0,0,20,0,0,0,20,0,0,0,0,10,0,0,0,0,0,0,0,0,0,0,0,0,0,20,0,0,0,10,10,50,0,0,0,0,0,0,0,0,50,30,30,60,30,0,40,10,0,0,0,0,0,0,0,0,0,0,0,0,0,0,0,10,0,80,180,380,10,70,0,10,1100,0,0,40,240,0,0,0,0,0,0,0,0,0,0,0,0,0,10,0,0,0,0,0,0,0,0,80,90,0,10
"118",0,0,0,150,90,30,0,30,0,40,140,0,170,0,0,0,0,0,0,0,0,0,0,0,0,0,0,0,0,0,0,30,0,0,0,0,0,0,0,0,0,0,0,0,10,0,0,10,0,0,10,0,0,0,0,0,0,0,0,0,0,0,0,0,0,0,0,0,0,0,0,60,0,0,30,10,0,10,0,0,0,0,0,0,20,30,0,30,0,0,20,0,0,10,0,0,0,0,0,0,0,0,0,0,0,0,0,0,0,0,0,0,110,70,110,10,20,0,940,60,0,0,10,0,0,0,0,0,0,0,0,0,0,0,0,0,0,0,0,0,0,0,0,0,0,0,0,0,0
"119",20,20,0,330,60,40,80,20,10,50,160,0,130,0,0,20,10,0,30,0,0,20,0,20,0,0,0,10,0,0,40,0,0,0,0,0,0,10,10,0,0,0,0,0,0,10,0,0,0,20,30,10,0,0,0,20,0,0,0,0,0,0,0,0,0,20,10,20,10,0,10,0,10,10,30,10,0,0,0,0,0,0,0,0,100,80,90,290,100,70,90,0,0,10,0,0,0,0,0,0,0,10,0,0,0,0,20,0,130,10,10,0,10,270,90,50,310,160,0,160,10,10,260,30,10,10,0,20,50,10,10,0,0,0,50,0,0,0,0,0,20,0,0,0,0,20,130,0,30
"120",30,0,0,290,90,20,0,140,0,0,50,40,310,10,0,0,30,0,10,0,0,20,0,0,0,0,0,0,0,0,0,0,0,140,0,0,0,0,0,30,0,0,0,0,0,0,0,0,0,0,0,30,0,20,0,120,0,10,0,0,0,0,0,10,30,0,0,0,20,0,30,10,0,10,30,0,0,0,0,0,0,0,0,30,10,160,70,210,40,50,90,0,10,10,0,0,0,0,0,0,30,0,0,0,0,10,120,0,20,30,20,10,10,520,160,0,180,330,1510,0,40,0,560,0,0,0,0,0,0,0,0,0,0,0,0,0,0,0,0,0,0,0,0,0,0,10,80,0,10
"121",0,50,30,90,10,90,0,140,30,0,0,180,0,0,0,0,0,0,0,0,0,0,0,0,0,0,0,0,0,0,0,0,0,0,0,30,0,0,0,0,0,0,10,0,0,0,0,0,0,10,0,0,0,0,0,10,0,0,0,0,0,0,0,0,0,20,0,0,0,0,0,0,10,0,10,0,0,0,0,0,0,0,0,0,0,0,0,0,0,10,10,0,0,0,0,0,0,0,0,0,0,0,0,0,0,0,0,0,0,0,0,0,10,0,0,40,20,0,210,10,0,200,90,0,0,0,0,0,0,0,0,0,0,0,0,0,0,0,0,0,0,0,0,0,0,0,1960,0,0
"122",0,0,0,0,0,0,0,0,0,0,0,0,0,0,0,0,0,0,0,0,0,0,10,0,0,0,0,0,0,0,0,0,0,0,0,0,0,0,0,0,0,0,0,0,40,0,0,0,0,0,0,0,0,0,0,0,0,0,0,0,0,0,0,0,0,0,0,0,0,0,0,0,0,0,0,0,0,0,0,0,0,0,0,0,0,0,0,0,0,20,0,0,0,0,0,0,0,0,0,0,0,0,0,0,0,0,0,0,0,0,0,0,50,90,0,0,110,0,30,10,0,0,10,0,0,0,0,0,0,0,0,0,0,0,0,0,0,0,0,0,0,0,0,0,0,0,0,0,0
"123",10,0,0,90,0,50,0,20,0,0,20,20,0,0,0,10,20,0,0,0,0,0,0,0,0,0,0,0,0,0,0,0,0,0,0,40,0,0,0,0,0,0,0,0,0,10,0,0,0,0,0,0,0,0,0,10,0,0,0,0,0,0,0,0,0,0,0,10,0,0,0,0,0,0,0,0,0,0,0,0,0,0,0,0,0,0,0,0,0,0,0,0,0,10,0,0,0,0,0,0,0,0,0,0,0,0,0,0,0,0,10,0,20,60,0,10,60,30,120,80,10,150,0,0,0,0,0,0,0,0,0,0,0,0,0,0,0,0,0,0,0,0,0,0,10,0,10,0,0
"124",0,0,0,10,0,0,0,0,0,0,0,0,0,10,0,0,0,0,20,0,0,0,0,0,0,0,0,0,0,0,0,40,0,0,0,0,0,20,0,0,0,0,0,10,10,0,20,0,0,0,0,0,0,0,0,0,10,50,0,0,50,10,160,30,0,0,50,20,0,0,20,0,0,20,0,560,180,360,0,0,0,0,0,0,60,140,30,80,40,50,60,0,10,10,0,0,10,10,0,10,0,0,0,0,0,0,0,0,0,20,0,0,0,0,0,0,0,0,20,0,0,0,0,0,1090,0,0,0,50,0,0,0,0,0,0,0,0,0,0,0,0,20,0,0,20,0,0,60,10
"125",0,0,0,120,0,0,0,0,0,0,30,0,0,50,40,0,0,0,70,0,0,0,20,0,30,0,10,0,20,0,50,0,0,10,0,10,0,0,0,0,0,0,0,0,10,40,0,30,0,0,0,0,0,0,0,0,10,40,10,0,0,20,40,130,10,60,30,0,0,10,20,20,0,10,50,170,100,480,0,0,10,0,0,0,240,300,90,570,130,170,150,0,0,0,0,0,0,10,0,10,0,0,0,0,0,0,0,0,10,0,0,0,0,0,0,0,0,0,30,0,0,0,0,320,0,10,0,0,0,50,0,0,20,0,10,0,10,0,60,0,0,0,0,20,30,0,0,40,30
"126",0,0,0,0,0,0,0,0,0,0,30,10,0,0,0,0,0,0,30,0,0,10,0,0,0,0,0,0,0,10,0,0,0,0,0,0,0,0,0,0,0,0,0,0,0,0,0,30,0,0,10,0,0,0,0,0,0,0,0,0,0,0,0,0,0,0,40,0,0,0,0,50,0,0,0,10,0,0,0,0,10,0,0,0,30,130,10,50,30,40,80,0,80,70,0,0,0,0,0,0,0,30,0,0,0,0,0,0,0,40,0,230,0,0,0,0,0,0,0,0,0,0,0,10,50,0,130,380,0,0,0,20,0,0,0,0,0,0,0,0,10,0,0,0,0,0,0,0,0
"127",0,0,0,0,0,0,0,0,0,0,0,0,0,0,0,0,0,0,0,0,0,10,0,0,0,0,0,0,0,0,0,0,0,0,0,0,0,0,0,0,0,0,0,0,0,0,0,0,0,0,0,0,0,0,0,0,0,0,0,0,0,0,0,0,0,0,0,0,0,0,0,0,0,0,0,0,0,20,0,0,0,0,0,0,0,0,0,0,10,0,0,0,0,0,0,0,0,0,0,0,0,0,0,0,0,0,0,0,0,0,0,10,0,0,0,0,0,0,0,0,0,0,0,0,0,170,0,90,0,0,0,0,0,0,0,0,0,0,0,0,0,0,0,0,0,0,0,0,10
"128",10,0,0,0,0,0,0,0,0,0,0,0,0,0,0,0,0,0,0,0,0,0,0,0,0,0,0,0,0,0,0,0,40,10,0,0,0,0,0,0,0,0,0,0,0,0,0,0,0,0,0,10,0,0,0,0,0,0,0,0,0,0,0,0,0,0,0,0,0,0,0,0,0,0,0,0,0,0,0,0,0,30,0,0,50,40,0,0,0,0,20,0,0,130,0,0,0,0,0,0,0,0,0,0,0,0,0,0,10,10,0,140,0,0,0,0,0,0,0,0,0,0,0,0,20,240,30,0,0,0,0,0,0,0,0,0,0,0,0,0,0,0,0,0,0,0,0,0,0
"129",0,0,0,30,0,0,50,50,0,0,20,0,0,30,10,0,0,0,0,0,0,0,0,20,0,0,0,0,0,0,0,0,0,0,0,20,0,0,0,0,0,0,0,0,50,10,10,0,0,0,0,0,0,0,0,10,0,0,0,0,0,10,0,0,20,30,0,0,0,0,10,20,30,10,0,20,20,0,0,0,0,20,0,0,140,150,10,140,40,120,10,0,0,0,0,0,10,0,0,0,80,0,0,0,10,0,0,10,0,0,0,0,0,10,0,0,0,0,0,0,0,0,0,0,50,10,0,0,0,90,0,0,20,150,40,0,0,0,0,0,0,0,20,0,0,0,0,0,0
"130",0,0,0,10,0,10,0,20,0,10,0,0,0,0,0,0,0,10,30,0,0,10,0,0,10,0,90,20,0,0,0,30,10,20,0,0,0,20,0,0,0,0,0,0,10,0,0,40,0,20,0,0,0,0,0,0,0,0,0,0,0,0,30,0,0,210,0,0,0,60,10,10,0,0,20,50,10,40,0,10,0,0,0,0,360,180,40,220,50,190,270,0,50,20,0,10,0,0,30,20,0,10,0,0,10,0,0,0,0,0,10,0,0,10,0,0,0,0,20,0,0,0,0,30,20,10,10,0,80,0,0,0,70,170,90,0,0,0,0,0,0,0,0,10,0,0,0,0,0
"131",0,0,0,140,0,10,0,50,10,0,10,20,0,0,0,0,20,0,0,0,0,0,0,0,0,0,50,0,20,0,10,10,100,10,0,20,0,0,10,0,0,0,0,0,10,10,0,30,0,0,0,0,0,0,0,0,0,0,0,0,0,0,0,0,0,40,0,0,0,0,0,0,20,0,10,0,0,0,0,0,0,0,0,40,160,240,70,90,90,150,200,0,0,0,0,0,10,0,10,10,20,0,0,10,0,0,0,0,20,10,10,10,0,0,0,0,0,0,0,0,0,0,0,0,120,0,0,30,30,10,0,40,60,240,90,0,0,0,0,0,0,0,0,0,0,0,0,0,20
"132",40,0,0,40,0,0,0,130,0,0,0,10,0,20,0,0,0,0,40,0,20,0,0,0,10,10,20,20,400,0,0,0,50,0,0,0,0,0,50,0,20,0,0,0,40,0,10,10,0,0,0,0,0,0,0,10,10,0,0,0,0,0,0,0,0,30,0,0,0,0,10,20,0,20,30,10,60,100,0,50,0,0,10,0,420,150,130,220,20,260,70,0,0,0,30,50,10,0,80,80,100,0,20,0,10,0,0,0,40,0,0,10,0,0,0,0,0,0,0,0,0,0,0,40,190,10,0,0,30,0,80,0,150,160,50,0,0,0,30,0,0,0,0,10,0,0,0,0,0
"133",10,0,0,90,10,0,0,0,0,0,0,0,0,70,0,0,0,90,50,0,0,10,0,0,20,0,10,0,40,0,0,0,40,0,0,10,0,30,10,0,0,0,0,0,80,20,0,10,0,10,0,0,0,0,10,10,0,0,0,0,0,0,50,0,30,190,0,0,50,210,50,30,40,10,60,140,60,80,0,30,0,30,0,60,660,470,110,330,160,340,250,0,0,10,40,0,110,20,30,100,110,0,30,0,30,10,10,10,20,10,0,0,0,0,0,30,0,0,50,0,0,0,0,70,90,0,0,0,230,150,70,150,0,730,120,0,10,0,0,0,0,10,80,0,0,10,0,0,10
"134",10,0,0,260,40,0,0,0,0,0,20,0,0,0,0,0,0,0,10,0,0,40,0,10,0,0,30,0,20,0,0,0,10,0,0,10,40,0,0,0,0,0,0,10,20,30,0,10,40,0,0,10,0,0,0,20,0,0,0,0,0,0,50,20,50,120,0,20,10,120,0,10,10,10,30,230,80,30,0,10,0,20,30,0,650,370,180,220,90,400,520,0,0,20,20,0,30,0,10,110,50,0,0,0,10,0,0,0,0,0,100,20,0,0,0,0,0,0,30,0,0,0,0,70,70,10,0,0,200,200,10,80,80,0,30,0,0,60,0,0,0,0,0,10,0,0,10,0,10
"135",10,0,0,20,0,0,0,0,0,0,10,0,0,0,0,0,0,0,0,0,0,10,0,0,10,0,10,20,60,0,0,0,10,0,0,0,0,0,0,0,0,0,0,0,0,10,0,0,0,10,0,0,0,0,10,0,0,0,0,0,0,0,10,0,0,10,0,0,0,0,0,0,110,0,10,50,30,140,0,10,0,0,50,20,400,110,20,60,80,220,100,0,10,40,10,0,0,10,0,10,10,0,0,0,40,0,0,0,0,0,0,50,0,10,0,0,0,0,0,0,0,0,0,40,160,0,0,0,60,70,80,10,100,10,0,0,0,0,0,0,0,10,40,0,0,0,0,0,0
"136",0,0,0,0,0,0,0,70,0,0,10,0,0,0,0,0,0,0,70,0,0,10,0,0,0,0,0,0,0,0,0,0,0,0,0,0,0,0,0,0,0,0,10,0,20,0,0,0,0,0,0,0,0,0,0,0,0,0,10,0,10,0,0,0,20,10,0,40,0,0,0,10,0,10,60,150,10,340,0,10,0,0,0,0,80,10,20,30,20,60,10,0,0,0,0,0,0,0,0,10,0,0,10,0,0,0,0,0,0,10,0,0,0,0,0,0,0,0,0,0,0,0,0,10,10,0,0,0,0,0,0,0,0,0,0,0,10,30,0,0,140,0,50,30,30,0,0,0,10
"137",0,0,30,90,20,0,0,0,110,0,40,0,0,40,0,10,20,10,70,0,0,0,0,0,0,0,0,0,0,0,10,10,0,0,0,0,0,0,0,50,20,40,140,20,10,30,0,10,0,0,0,0,0,0,0,0,0,0,0,40,0,0,0,0,290,120,30,10,10,20,0,80,0,280,320,160,50,150,20,30,20,0,0,10,540,560,260,240,180,710,470,160,10,0,20,0,0,10,0,0,0,0,0,0,0,0,20,0,0,30,60,20,0,0,0,0,0,0,30,10,0,0,0,10,100,0,0,0,0,0,0,20,0,30,0,30,0,0,10,0,70,160,50,0,20,0,0,0,20
"138",0,0,0,10,0,0,0,0,0,0,0,0,0,0,0,0,40,0,0,0,0,0,0,0,0,30,0,0,0,0,0,0,0,0,0,0,0,0,0,0,0,0,0,0,100,0,0,0,0,0,0,0,0,0,0,0,10,0,0,0,0,30,0,0,0,0,0,0,0,0,0,0,0,0,20,0,0,10,0,0,0,0,0,0,0,40,0,30,0,30,0,0,0,0,0,0,0,0,0,0,0,0,0,0,0,0,0,0,0,0,0,0,0,0,0,0,0,0,0,0,0,0,0,30,10,0,0,0,0,0,0,0,10,0,0,20,10,0,0,50,0,0,100,0,20,0,0,0,0
"139",20,0,0,250,0,10,20,0,10,50,30,30,0,100,10,0,90,0,110,0,0,0,10,10,0,0,10,50,0,0,10,0,60,0,0,0,0,0,10,10,60,0,30,10,50,0,0,20,0,0,40,0,0,0,0,0,90,100,90,20,0,30,100,20,0,20,0,0,0,0,0,20,20,10,80,470,60,230,0,0,0,0,60,30,170,290,40,570,80,270,210,0,20,0,0,0,0,20,0,0,0,0,0,0,0,0,20,0,110,160,0,360,0,0,0,0,0,0,0,0,0,0,0,190,930,50,0,0,0,0,0,0,0,0,0,50,120,60,0,120,0,10,420,70,90,0,0,0,70
"140",0,0,0,40,0,10,0,0,0,10,30,0,10,200,0,0,110,0,40,0,0,0,0,0,0,20,0,0,10,0,0,0,10,0,0,0,0,0,10,0,0,10,0,0,20,0,10,0,0,0,0,0,0,0,0,0,30,0,20,0,0,0,10,0,0,60,0,0,0,10,0,0,0,0,230,110,20,80,0,20,0,0,0,0,10,30,60,100,40,90,50,0,0,0,0,0,0,0,0,0,0,0,0,0,0,0,0,0,0,50,20,0,0,0,0,0,0,0,0,0,0,0,0,50,80,10,0,0,0,0,0,0,0,0,0,110,0,280,190,0,0,0,270,20,160,0,0,0,50
"141",20,0,0,200,20,0,10,100,10,20,70,10,0,0,20,10,60,20,30,0,0,0,0,0,0,10,0,0,0,0,0,0,0,0,0,20,0,10,0,0,0,20,0,0,0,10,0,50,10,0,0,0,10,0,0,0,0,0,0,20,70,10,10,10,80,30,0,150,0,30,0,20,20,170,130,50,70,280,0,10,0,10,10,0,660,130,90,250,170,260,200,0,0,0,0,0,0,0,0,0,20,0,0,0,0,0,20,0,0,110,0,10,0,0,10,0,0,0,0,0,0,0,0,20,120,0,0,0,0,0,0,0,0,0,0,690,90,30,0,0,0,110,60,30,10,0,10,0,30
"142",0,0,20,30,0,0,0,50,0,20,70,0,0,30,0,0,40,0,30,0,0,0,0,0,0,0,0,0,20,10,10,150,10,0,0,0,0,0,0,0,0,290,80,0,60,20,0,0,30,10,30,0,0,0,0,0,10,20,10,40,80,0,0,10,100,80,10,20,10,0,20,80,20,100,100,190,80,110,0,0,0,10,0,0,500,310,90,140,190,400,510,0,0,0,0,0,0,0,0,0,0,0,0,0,0,0,30,0,10,80,10,20,0,80,10,0,0,0,110,70,0,0,0,20,120,0,0,0,0,30,0,0,0,0,0,80,250,120,30,20,140,0,300,40,0,20,60,10,0
"143",10,0,0,0,0,0,0,0,10,10,30,0,0,10,0,0,0,10,20,0,0,0,0,0,20,0,0,0,0,0,10,10,0,50,0,0,0,20,10,0,10,10,0,0,10,20,0,30,0,0,30,0,0,0,0,0,0,0,0,10,0,0,10,0,0,20,0,30,0,10,0,10,60,10,50,20,40,110,0,20,0,0,0,40,260,150,100,210,140,120,140,0,0,0,0,0,0,0,0,0,40,0,0,10,0,0,100,0,0,0,0,40,0,0,0,0,0,0,0,0,0,0,0,10,110,30,10,0,0,20,0,10,0,10,0,10,20,30,10,0,60,20,0,50,40,0,0,0,50
"144",20,0,70,110,0,0,0,110,0,0,10,70,10,240,20,60,410,10,20,0,0,10,0,0,0,0,0,0,0,10,0,10,70,30,0,0,0,10,30,0,40,70,20,10,140,80,0,80,20,10,0,40,0,0,30,0,50,20,160,220,0,10,50,40,30,30,0,20,0,0,80,90,0,70,60,210,80,560,0,80,0,0,0,10,400,330,70,320,330,490,400,0,0,0,0,0,0,0,0,0,10,0,0,0,0,0,170,0,20,110,140,100,0,0,0,40,10,0,10,0,0,0,10,80,190,30,0,0,0,0,0,0,0,0,0,80,90,10,40,10,60,40,470,0,110,10,0,60,210
"145",50,0,0,90,30,0,0,0,80,20,100,50,0,140,0,0,170,10,0,0,0,0,0,0,0,20,0,0,0,0,10,80,30,0,0,0,0,0,0,120,0,0,30,0,120,10,0,0,20,40,10,0,0,0,10,0,30,10,0,30,0,10,10,40,20,30,0,10,30,0,70,10,10,40,70,100,150,170,0,10,0,0,20,10,370,130,70,150,130,810,300,0,80,0,0,0,0,0,0,0,0,20,0,0,0,0,90,0,40,100,0,50,0,0,0,0,0,0,50,0,0,0,0,190,230,0,0,0,0,0,0,0,0,0,0,180,10,570,160,110,20,20,1010,210,0,0,60,0,70
"146",0,10,0,120,10,420,0,70,30,0,90,70,30,10,0,110,20,0,0,0,10,0,0,0,0,0,0,0,0,0,0,0,0,0,0,0,0,0,20,0,0,0,0,0,0,10,0,10,0,0,0,10,0,0,0,0,0,0,0,0,0,0,0,0,90,0,0,0,0,0,0,30,0,0,40,0,0,0,0,0,0,0,0,0,10,0,0,0,0,10,150,0,0,0,0,0,0,0,0,0,0,0,0,0,0,10,0,0,0,0,0,0,0,0,0,0,10,0,0,0,0,0,0,0,0,0,0,0,0,0,0,0,0,0,0,0,10,0,0,0,0,0,0,0,0,0,70,0,0
"147",0,10,0,30,0,0,0,100,0,10,0,10,0,20,0,0,30,0,0,0,0,0,0,0,0,0,0,0,0,0,0,10,0,0,0,0,0,0,80,0,10,0,0,0,0,0,0,0,0,10,0,10,0,0,0,0,10,0,0,0,0,0,0,0,0,10,0,0,0,0,0,0,0,10,0,0,0,0,0,0,0,0,0,0,20,10,10,0,10,40,40,0,50,0,0,0,0,0,0,0,10,20,0,0,0,0,0,0,30,0,0,0,30,780,140,80,60,0,410,30,50,0,100,0,0,0,0,0,0,0,0,0,10,0,0,0,0,20,0,0,10,0,0,0,0,280,0,0,0
"148",0,0,0,0,0,0,0,0,0,0,0,0,0,0,0,0,0,0,0,0,0,0,0,0,0,0,0,0,0,0,0,0,0,0,0,0,0,0,0,0,0,0,0,0,0,0,0,0,0,0,0,0,0,0,0,0,0,30,0,0,30,340,30,0,0,0,0,0,0,0,0,0,0,0,0,0,0,50,0,0,0,0,0,0,0,50,0,20,0,0,10,0,0,0,0,0,0,0,0,0,0,0,0,0,0,0,0,0,10,0,0,0,0,0,0,0,0,0,0,0,0,0,0,10,40,0,0,0,0,0,0,0,0,0,0,0,0,0,10,0,0,0,20,10,0,0,0,0,10
"149",0,0,10,100,20,0,0,0,0,30,30,0,10,40,0,10,100,0,0,0,0,0,0,0,0,0,0,0,0,0,0,0,0,0,0,0,0,10,0,20,0,0,0,0,0,0,0,0,0,0,0,0,0,0,0,0,10,40,0,0,0,0,0,0,20,0,0,20,0,0,0,0,0,10,0,0,0,0,0,30,0,10,0,0,0,10,0,10,0,10,10,0,0,0,0,0,0,0,0,0,0,0,0,0,0,0,0,0,0,0,0,0,0,50,0,0,0,0,0,0,0,0,10,0,0,0,0,0,0,0,0,0,0,0,0,0,0,0,0,0,0,0,0,0,0,0,0,0,0
